{
  "useURL": true,
  "allowDeletions": true,
  "url": "https://raw.githubusercontent.com/GTNewHorizons/GT-New-Horizons-Modpack/master/servers.json",
  "servers": {
    "Official GTNH Server 1 EU": "delta.gtnewhorizons.com",
    "Official GTNH Server 2 EU": "epsilon.gtnewhorizons.com",
    "Official GTNH Server 3 EU": "eta.gtnewhorizons.com",
    "Test Server GTNH 4 EU": "zeta.gtnewhorizons.com",
    "Prospercraft GTNH Server US": "newhorizonsold.prospercraft.com",
    "StoneLegion.com GTNH (Canada)": "mc.stonelegion.com",
    "MyFTB GTNH German Server": "newhorizons.myftb.de",
    "Craftersland GTNH (EU-DE)": "gt.craftersland.net",
    "StoneHuts GTNH EU whitelisted": "gtnh.stonehuts.net",
    "Zvezdolet GTNH Server (RU)": "gtnh.114-7.com",
    "Hitechmine.ru  GT New Horizons": "hitechmine.ru",
    "Modded Minecraft Club  (Eu-Asia)": "gtnh.moddedminecraft.club",
    "Modded Minecraft Club (Am+Aus)": "gtnh-na.moddedminecraft.club",
    "MMC No TP (Eu+Asia2)": "gtnh-im.moddedminecraft.club",
    "MMC No TP (Am+Aus2)": "gtnh-im-na.moddedminecraft.club",
    "Earthquake GTNH (US West)": "aragil.ddns.net",
    "Zephyrus (NL)": "gtnh.zephyrus-mc.com",
    "MineYourMine GTNH (EU)": "horizons.mineyourmind.net"
  },
  "DO_NOT_EDIT_prevDefaultServers": []
}
