[
  {
    "path": "mods/adventurebackpack-1.7.10-1.0.5-GTNH.jar",
    "url": "http://downloads.gtnewhorizons.com/Mods_for_Twitch/adventurebackpack-1.7.10-1.0.5-GTNH.jar"
  },
  {
    "path": "mods/ae2fc-1.7.10-1.0.18-gtnh.jar",
    "url": "http://downloads.gtnewhorizons.com/Mods_for_Twitch/ae2fc-1.7.10-1.0.18-gtnh.jar"
  },
  {
    "path": "mods/ae2stuff-1.7.10-0.5.1.15-GTNH.jar",
    "url": "http://downloads.gtnewhorizons.com/Mods_for_Twitch/ae2stuff-1.7.10-0.5.1.15-GTNH.jar"
  },
  {
    "path": "mods/AFSU-1.7.10-1.2.6-GTNH.jar",
    "url": "http://downloads.gtnewhorizons.com/Mods_for_Twitch/AFSU-1.7.10-1.2.6-GTNH.jar"
  },
  {
    "path": "mods/AngerMod-1.7.10-0.6.3.jar",
    "url": "http://downloads.gtnewhorizons.com/Mods_for_Twitch/AngerMod-1.7.10-0.6.3.jar"
  },
  {
    "path": "mods/AppleCore-1.7.10-3.2.2.jar",
    "url": "http://downloads.gtnewhorizons.com/Mods_for_Twitch/AppleCore-1.7.10-3.2.2.jar"
  },
  {
    "path": "mods/appliedenergistics2-1.7.10-rv3-beta-107-GTNH.jar",
    "url": "http://downloads.gtnewhorizons.com/Mods_for_Twitch/appliedenergistics2-1.7.10-rv3-beta-107-GTNH.jar"
  },
  {
    "path": "mods/ArchitectureCraft-1.7.10-1.7.6.jar",
    "url": "http://downloads.gtnewhorizons.com/Mods_for_Twitch/ArchitectureCraft-1.7.10-1.7.6.jar"
  },
  {
    "path": "mods/AsieLib-1.7.10-0.5.3.jar",
    "url": "http://downloads.gtnewhorizons.com/Mods_for_Twitch/AsieLib-1.7.10-0.5.3.jar"
  },
  {
    "path": "mods/Avaritia-1.7.10-1.30.jar",
    "url": "http://downloads.gtnewhorizons.com/Mods_for_Twitch/Avaritia-1.7.10-1.30.jar"
  },
  {
    "path": "mods/Avaritiaddons-1.7.10-1.5.4-GTNH.jar",
    "url": "http://downloads.gtnewhorizons.com/Mods_for_Twitch/Avaritiaddons-1.7.10-1.5.4-GTNH.jar"
  },
  {
    "path": "mods/bartworks-1.7.10-0.5.86.jar",
    "url": "http://downloads.gtnewhorizons.com/Mods_for_Twitch/bartworks-1.7.10-0.5.86.jar"
  },
  {
    "path": "mods/battlegear2-1.7.10-1.1.2.1.jar",
    "url": "http://downloads.gtnewhorizons.com/Mods_for_Twitch/battlegear2-1.7.10-1.1.2.1.jar"
  },
  {
    "path": "mods/Baubles-1.7.10-1.0.1.14.jar",
    "url": "http://downloads.gtnewhorizons.com/Mods_for_Twitch/Baubles-1.7.10-1.0.1.14.jar"
  },
  {
    "path": "mods/bdlib-1.7.10-1.9.8-GTNH.jar",
    "url": "http://downloads.gtnewhorizons.com/Mods_for_Twitch/bdlib-1.7.10-1.9.8-GTNH.jar"
  },
  {
    "path": "mods/BetterBuildersWands-1.7.10-0.9.3-GTNH.jar",
    "url": "http://downloads.gtnewhorizons.com/Mods_for_Twitch/BetterBuildersWands-1.7.10-0.9.3-GTNH.jar"
  },
  {
    "path": "mods/bettercrashes-1.7.10-1.1.6-GTNH.jar",
    "url": "http://downloads.gtnewhorizons.com/Mods_for_Twitch/bettercrashes-1.7.10-1.1.6-GTNH.jar"
  },
  {
    "path": "mods/betterloadingscreen-1.7.10-1.3.36-GTNH.jar",
    "url": "http://downloads.gtnewhorizons.com/Mods_for_Twitch/betterloadingscreen-1.7.10-1.3.36-GTNH.jar"
  },
  {
    "path": "mods/betterp2p-1.7.10-1.0.12.jar",
    "url": "http://downloads.gtnewhorizons.com/Mods_for_Twitch/betterp2p-1.7.10-1.0.12.jar"
  },
  {
    "path": "mods/BetterQuesting-1.7.10-3.0.367-GTNH.jar",
    "url": "http://downloads.gtnewhorizons.com/Mods_for_Twitch/BetterQuesting-1.7.10-3.0.367-GTNH.jar"
  },
  {
    "path": "mods/binnie-mods-1.7.10-2.0.43.jar",
    "url": "http://downloads.gtnewhorizons.com/Mods_for_Twitch/binnie-mods-1.7.10-2.0.43.jar"
  },
  {
    "path": "mods/BlockLimiter-1.7.10-0.55.jar",
    "url": "http://downloads.gtnewhorizons.com/Mods_for_Twitch/BlockLimiter-1.7.10-0.55.jar"
  },
  {
    "path": "mods/BloodArsenal-1.7.10-1.2.6.jar",
    "url": "http://downloads.gtnewhorizons.com/Mods_for_Twitch/BloodArsenal-1.7.10-1.2.6.jar"
  },
  {
    "path": "mods/BloodMagic-1.7.10-1.3.14.jar",
    "url": "http://downloads.gtnewhorizons.com/Mods_for_Twitch/BloodMagic-1.7.10-1.3.14.jar"
  },
  {
    "path": "mods/Botania-1.7.10-1.9.10-GTNH.jar",
    "url": "http://downloads.gtnewhorizons.com/Mods_for_Twitch/Botania-1.7.10-1.9.10-GTNH.jar"
  },
  {
    "path": "mods/BotanicHorizons-1.7.10-1.0.11-GTNH.jar",
    "url": "http://downloads.gtnewhorizons.com/Mods_for_Twitch/BotanicHorizons-1.7.10-1.0.11-GTNH.jar"
  },
  {
    "path": "mods/BrandonsCore-1.7.10-1.0.0.13-GTNH.jar",
    "url": "http://downloads.gtnewhorizons.com/Mods_for_Twitch/BrandonsCore-1.7.10-1.0.0.13-GTNH.jar"
  },
  {
    "path": "mods/bugtorch-1.7.10-1.1.6.4-GTNH.jar",
    "url": "http://downloads.gtnewhorizons.com/Mods_for_Twitch/bugtorch-1.7.10-1.1.6.4-GTNH.jar"
  },
  {
    "path": "mods/buildcraft-1.7.10-7.1.27.jar",
    "url": "http://downloads.gtnewhorizons.com/Mods_for_Twitch/buildcraft-1.7.10-7.1.27.jar"
  },
  {
    "path": "mods/buildcraft-compat-1.7.10-7.1.12.jar",
    "url": "http://downloads.gtnewhorizons.com/Mods_for_Twitch/buildcraft-compat-1.7.10-7.1.12.jar"
  },
  {
    "path": "mods/CarpentersBlocks-1.7.10-3.3.8.2-GTNH.jar",
    "url": "http://downloads.gtnewhorizons.com/Mods_for_Twitch/CarpentersBlocks-1.7.10-3.3.8.2-GTNH.jar"
  },
  {
    "path": "mods/catwalks-1.7.10-2.1.3-GTNH.jar",
    "url": "http://downloads.gtnewhorizons.com/Mods_for_Twitch/catwalks-1.7.10-2.1.3-GTNH.jar"
  },
  {
    "path": "mods/chisel-1.7.10-2.10.16-GTNH.jar",
    "url": "http://downloads.gtnewhorizons.com/Mods_for_Twitch/chisel-1.7.10-2.10.16-GTNH.jar"
  },
  {
    "path": "mods/chiseltones-1.7.10-1.0.4-GTNH.jar",
    "url": "http://downloads.gtnewhorizons.com/Mods_for_Twitch/chiseltones-1.7.10-1.0.4-GTNH.jar"
  },
  {
    "path": "mods/CodeChickenCore-1.7.10-1.1.6.jar",
    "url": "http://downloads.gtnewhorizons.com/Mods_for_Twitch/CodeChickenCore-1.7.10-1.1.6.jar"
  },
  {
    "path": "mods/CodeChickenLib-1.7.10-1.1.5.5.jar",
    "url": "http://downloads.gtnewhorizons.com/Mods_for_Twitch/CodeChickenLib-1.7.10-1.1.5.5.jar"
  },
  {
    "path": "mods/CompactKineticGenerators-1.7.10-1.0.1.jar",
    "url": "http://downloads.gtnewhorizons.com/Mods_for_Twitch/CompactKineticGenerators-1.7.10-1.0.1.jar"
  },
  {
    "path": "mods/Computronics-1.7.10-1.6.16-GTNH.jar",
    "url": "http://downloads.gtnewhorizons.com/Mods_for_Twitch/Computronics-1.7.10-1.6.16-GTNH.jar"
  },
  {
    "path": "mods/CookingForBlockheads-1.7.10-1.2.12-GTNH.jar",
    "url": "http://downloads.gtnewhorizons.com/Mods_for_Twitch/CookingForBlockheads-1.7.10-1.2.12-GTNH.jar"
  },
  {
    "path": "mods/craftpresence-1.7.10-1.8.3-GTNH.jar",
    "url": "http://downloads.gtnewhorizons.com/Mods_for_Twitch/craftpresence-1.7.10-1.8.3-GTNH.jar"
  },
  {
    "path": "mods/CraftTweaker-1.7.10-3.2.9.jar",
    "url": "http://downloads.gtnewhorizons.com/Mods_for_Twitch/CraftTweaker-1.7.10-3.2.9.jar"
  },
  {
    "path": "mods/creativecore-1.7.10-1.3.27-GTNH.jar",
    "url": "http://downloads.gtnewhorizons.com/Mods_for_Twitch/creativecore-1.7.10-1.3.27-GTNH.jar"
  },
  {
    "path": "mods/CropLoadCore-1.7.10-0.1.10.jar",
    "url": "http://downloads.gtnewhorizons.com/Mods_for_Twitch/CropLoadCore-1.7.10-0.1.10.jar"
  },
  {
    "path": "mods/CropsPP-1.7.10-1.3.6.3.jar",
    "url": "http://downloads.gtnewhorizons.com/Mods_for_Twitch/CropsPP-1.7.10-1.3.6.3.jar"
  },
  {
    "path": "mods/defaultserverlist-1.7.10-1.1.1-GTNH.jar",
    "url": "http://downloads.gtnewhorizons.com/Mods_for_Twitch/defaultserverlist-1.7.10-1.1.1-GTNH.jar"
  },
  {
    "path": "mods/defaultworldgenerator-1.7.10-0.2.jar",
    "url": "http://downloads.gtnewhorizons.com/Mods_for_Twitch/defaultworldgenerator-1.7.10-0.2.jar"
  },
  {
    "path": "mods/GT.Scanner.Mod-1.7.10-1.6.9.jar",
    "url": "http://downloads.gtnewhorizons.com/Mods_for_Twitch/GT.Scanner.Mod-1.7.10-1.6.9.jar"
  },
  {
    "path": "mods/Draconic-Evolution-1.7.10-1.1.7-GTNH.jar",
    "url": "http://downloads.gtnewhorizons.com/Mods_for_Twitch/Draconic-Evolution-1.7.10-1.1.7-GTNH.jar"
  },
  {
    "path": "mods/EMT-1.7.10-1.2.8.21.jar",
    "url": "http://downloads.gtnewhorizons.com/Mods_for_Twitch/EMT-1.7.10-1.2.8.21.jar"
  },
  {
    "path": "mods/endercore-1.7.10-0.2.10.jar",
    "url": "http://downloads.gtnewhorizons.com/Mods_for_Twitch/endercore-1.7.10-0.2.10.jar"
  },
  {
    "path": "mods/EnderIO-1.7.10-2.3.1.46.jar",
    "url": "http://downloads.gtnewhorizons.com/Mods_for_Twitch/EnderIO-1.7.10-2.3.1.46.jar"
  },
  {
    "path": "mods/EnderStorage-1.7.10-1.4.12.jar",
    "url": "http://downloads.gtnewhorizons.com/Mods_for_Twitch/EnderStorage-1.7.10-1.4.12.jar"
  },
  {
    "path": "mods/EnderZoo-1.7.10-1.0.23.jar",
    "url": "http://downloads.gtnewhorizons.com/Mods_for_Twitch/EnderZoo-1.7.10-1.0.23.jar"
  },
  {
    "path": "mods/EnhancedLootBags-1.7.10-1.0.5.jar",
    "url": "http://downloads.gtnewhorizons.com/Mods_for_Twitch/EnhancedLootBags-1.7.10-1.0.5.jar"
  },
  {
    "path": "mods/EternalSingularity-1.7.10-1.0.4b.jar",
    "url": "http://downloads.gtnewhorizons.com/Mods_for_Twitch/EternalSingularity-1.7.10-1.0.4b.jar"
  },
  {
    "path": "mods/ExtraCells-1.7.10-2.5.24.jar",
    "url": "http://downloads.gtnewhorizons.com/Mods_for_Twitch/ExtraCells-1.7.10-2.5.24.jar"
  },
  {
    "path": "mods/findit-1.7.10-1.0.11.jar",
    "url": "http://downloads.gtnewhorizons.com/Mods_for_Twitch/findit-1.7.10-1.0.11.jar"
  },
  {
    "path": "mods/Forbidden.Magic-1.7.10-0.6.4-GTNH.jar",
    "url": "http://downloads.gtnewhorizons.com/Mods_for_Twitch/Forbidden.Magic-1.7.10-0.6.4-GTNH.jar"
  },
  {
    "path": "mods/Forestry-1.7.10-4.4.15.jar",
    "url": "http://downloads.gtnewhorizons.com/Mods_for_Twitch/Forestry-1.7.10-4.4.15.jar"
  },
  {
    "path": "mods/forgelin-1.7.10-1.9.6-GTNH.jar",
    "url": "http://downloads.gtnewhorizons.com/Mods_for_Twitch/forgelin-1.7.10-1.9.6-GTNH.jar"
  },
  {
    "path": "mods/ForgeMultipart-1.7.10-1.3.0.jar",
    "url": "http://downloads.gtnewhorizons.com/Mods_for_Twitch/ForgeMultipart-1.7.10-1.3.0.jar"
  },
  {
    "path": "mods/gadomancy-1.7.10-1.0.8.5.jar",
    "url": "http://downloads.gtnewhorizons.com/Mods_for_Twitch/gadomancy-1.7.10-1.0.8.5.jar"
  },
  {
    "path": "mods/galacticgreg-1.7.10-1.0.8.jar",
    "url": "http://downloads.gtnewhorizons.com/Mods_for_Twitch/galacticgreg-1.7.10-1.0.8.jar"
  },
  {
    "path": "mods/Galacticraft-1.7.10-3.0.44-GTNH.jar",
    "url": "http://downloads.gtnewhorizons.com/Mods_for_Twitch/Galacticraft-1.7.10-3.0.44-GTNH.jar"
  },
  {
    "path": "mods/GalaxySpace-1.7.10-1.1.16p-GTNH.jar",
    "url": "http://downloads.gtnewhorizons.com/Mods_for_Twitch/GalaxySpace-1.7.10-1.1.16p-GTNH.jar"
  },
  {
    "path": "mods/gendustry-1.7.10-1.6.5.4-GTNH.jar",
    "url": "http://downloads.gtnewhorizons.com/Mods_for_Twitch/gendustry-1.7.10-1.6.5.4-GTNH.jar"
  },
  {
    "path": "mods/GoodGenerator-1.7.10-0.4.31.jar",
    "url": "http://downloads.gtnewhorizons.com/Mods_for_Twitch/GoodGenerator-1.7.10-0.4.31.jar"
  },
  {
    "path": "mods/gregtech-1.7.10-5.09.41.61.jar",
    "url": "http://downloads.gtnewhorizons.com/Mods_for_Twitch/gregtech-1.7.10-5.09.41.61.jar"
  },
  {
    "path": "mods/gtneioreplugin-1.7.10-1.0.17.jar",
    "url": "http://downloads.gtnewhorizons.com/Mods_for_Twitch/gtneioreplugin-1.7.10-1.0.17.jar"
  },
  {
    "path": "mods/gtnhlanth-1.7.10-0.9.18.jar",
    "url": "http://downloads.gtnewhorizons.com/Mods_for_Twitch/gtnhlanth-1.7.10-0.9.18.jar"
  },
  {
    "path": "mods/GTNH-TC-Wands-1.7.10-1.2.6.jar",
    "url": "http://downloads.gtnewhorizons.com/Mods_for_Twitch/GTNH-TC-Wands-1.7.10-1.2.6.jar"
  },
  {
    "path": "mods/gtnhlib-1.7.10-0.0.5.jar",
    "url": "http://downloads.gtnewhorizons.com/Mods_for_Twitch/gtnhlib-1.7.10-0.0.5.jar"
  },
  {
    "path": "mods/GT-PlusPlus-1.7.10-1.7.110.jar",
    "url": "http://downloads.gtnewhorizons.com/Mods_for_Twitch/GT-PlusPlus-1.7.10-1.7.110.jar"
  },
  {
    "path": "mods/HardcoreEnderExpansion-1.7.10-1.9.3-GTNH.jar",
    "url": "http://downloads.gtnewhorizons.com/Mods_for_Twitch/HardcoreEnderExpansion-1.7.10-1.9.3-GTNH.jar"
  },
  {
    "path": "mods/harvestcraft-1.7.10-1.0.15-GTNH.jar",
    "url": "http://downloads.gtnewhorizons.com/Mods_for_Twitch/harvestcraft-1.7.10-1.0.15-GTNH.jar"
  },
  {
    "path": "mods/hodgepodge-1.7.10-1.7.35.jar",
    "url": "http://downloads.gtnewhorizons.com/Mods_for_Twitch/hodgepodge-1.7.10-1.7.35.jar"
  },
  {
    "path": "mods/holoinventory-1.7.10-2.1.17-GTNH.jar",
    "url": "http://downloads.gtnewhorizons.com/Mods_for_Twitch/holoinventory-1.7.10-2.1.17-GTNH.jar"
  },
  {
    "path": "mods/HungerOverhaul-1.7.10-1.0.4-GTNH.jar",
    "url": "http://downloads.gtnewhorizons.com/Mods_for_Twitch/HungerOverhaul-1.7.10-1.0.4-GTNH.jar"
  },
  {
    "path": "mods/hydroenergy-1.7.10-1.0.12.jar",
    "url": "http://downloads.gtnewhorizons.com/Mods_for_Twitch/hydroenergy-1.7.10-1.0.12.jar"
  },
  {
    "path": "mods/ifu-1.7.10-1.9.4.jar",
    "url": "http://downloads.gtnewhorizons.com/Mods_for_Twitch/ifu-1.7.10-1.9.4.jar"
  },
  {
    "path": "mods/IguanaTweaksTConstruct-1.7.10-2.2.3.jar",
    "url": "http://downloads.gtnewhorizons.com/Mods_for_Twitch/IguanaTweaksTConstruct-1.7.10-2.2.3.jar"
  },
  {
    "path": "mods/InfernalMobs-1.7.10-1.7.5-GTNH.jar",
    "url": "http://downloads.gtnewhorizons.com/Mods_for_Twitch/InfernalMobs-1.7.10-1.7.5-GTNH.jar"
  },
  {
    "path": "mods/InGameInfoXML-1.7.10-2.8.3.93.jar",
    "url": "http://downloads.gtnewhorizons.com/Mods_for_Twitch/InGameInfoXML-1.7.10-2.8.3.93.jar"
  },
  {
    "path": "mods/INpureCore-1.7.10-1.1.2-GTNH.jar",
    "url": "http://downloads.gtnewhorizons.com/Mods_for_Twitch/INpureCore-1.7.10-1.1.2-GTNH.jar"
  },
  {
    "path": "mods/inventorytweaks-1.7.10-1.5.15.jar",
    "url": "http://downloads.gtnewhorizons.com/Mods_for_Twitch/inventorytweaks-1.7.10-1.5.15.jar"
  },
  {
    "path": "mods/IronChest-1.7.10-6.0.71.jar",
    "url": "http://downloads.gtnewhorizons.com/Mods_for_Twitch/IronChest-1.7.10-6.0.71.jar"
  },
  {
    "path": "mods/IronChestMinecarts-1.7.10-1.0.8.jar",
    "url": "http://downloads.gtnewhorizons.com/Mods_for_Twitch/IronChestMinecarts-1.7.10-1.0.8.jar"
  },
  {
    "path": "mods/irontanks-1.7.10-1.2.6.jar",
    "url": "http://downloads.gtnewhorizons.com/Mods_for_Twitch/irontanks-1.7.10-1.2.6.jar"
  },
  {
    "path": "mods/JABBA-1.7.10-1.2.21.jar",
    "url": "http://downloads.gtnewhorizons.com/Mods_for_Twitch/JABBA-1.7.10-1.2.21.jar"
  },
  {
    "path": "mods/kekztech-1.7.10-0.6.15.jar",
    "url": "http://downloads.gtnewhorizons.com/Mods_for_Twitch/kekztech-1.7.10-0.6.15.jar"
  },
  {
    "path": "mods/kubatech-1.7.10-0.5.10.jar",
    "url": "http://downloads.gtnewhorizons.com/Mods_for_Twitch/kubatech-1.7.10-0.5.10.jar"
  },
  {
    "path": "mods/littletiles-1.7.10-1.2.7-GTNH.jar",
    "url": "http://downloads.gtnewhorizons.com/Mods_for_Twitch/littletiles-1.7.10-1.2.7-GTNH.jar"
  },
  {
    "path": "mods/logisticspipes-1.7.10-0.9.4.5.7-GTNH.jar",
    "url": "http://downloads.gtnewhorizons.com/Mods_for_Twitch/logisticspipes-1.7.10-0.9.4.5.7-GTNH.jar"
  },
  {
    "path": "mods/lootgames-1.7.10-2.0.6.jar",
    "url": "http://downloads.gtnewhorizons.com/Mods_for_Twitch/lootgames-1.7.10-2.0.6.jar"
  },
  {
    "path": "mods/LunatriusCore-1.7.10-1.1.7-GTNH.jar",
    "url": "http://downloads.gtnewhorizons.com/Mods_for_Twitch/LunatriusCore-1.7.10-1.1.7-GTNH.jar"
  },
  {
    "path": "mods/magicbees-1.7.10-2.5.12-GTNH.jar",
    "url": "http://downloads.gtnewhorizons.com/Mods_for_Twitch/magicbees-1.7.10-2.5.12-GTNH.jar"
  },
  {
    "path": "mods/malisiscore-1.7.10-0.14.5-GTNH.jar",
    "url": "http://downloads.gtnewhorizons.com/Mods_for_Twitch/malisiscore-1.7.10-0.14.5-GTNH.jar"
  },
  {
    "path": "mods/malisisdoors-1.7.10-1.13.5-GTNH.jar",
    "url": "http://downloads.gtnewhorizons.com/Mods_for_Twitch/malisisdoors-1.7.10-1.13.5-GTNH.jar"
  },
  {
    "path": "mods/Mantle-1.7.10-0.3.5.jar",
    "url": "http://downloads.gtnewhorizons.com/Mods_for_Twitch/Mantle-1.7.10-0.3.5.jar"
  },
  {
    "path": "mods/backpack-1.7.10-2.2.6-GTNH.jar",
    "url": "http://downloads.gtnewhorizons.com/Mods_for_Twitch/backpack-1.7.10-2.2.6-GTNH.jar"
  },
  {
    "path": "mods/GTTweaker-1.7.10-1.7.5.jar",
    "url": "http://downloads.gtnewhorizons.com/Mods_for_Twitch/GTTweaker-1.7.10-1.7.5.jar"
  },
  {
    "path": "mods/mixingasm-1.7.10-v0.2.3.jar",
    "url": "http://downloads.gtnewhorizons.com/Mods_for_Twitch/mixingasm-1.7.10-v0.2.3.jar"
  },
  {
    "path": "mods/modmixins-1.7.10-0.0.5.jar",
    "url": "http://downloads.gtnewhorizons.com/Mods_for_Twitch/modmixins-1.7.10-0.0.5.jar"
  },
  {
    "path": "mods/ModTweaker2-1.7.10-0.9.9.jar",
    "url": "http://downloads.gtnewhorizons.com/Mods_for_Twitch/ModTweaker2-1.7.10-0.9.9.jar"
  },
  {
    "path": "mods/MouseTweaks-1.7.10-2.4.5-GTNH.jar",
    "url": "http://downloads.gtnewhorizons.com/Mods_for_Twitch/MouseTweaks-1.7.10-2.4.5-GTNH.jar"
  },
  {
    "path": "mods/mxrandom-1.7.10-0.1.4.jar",
    "url": "http://downloads.gtnewhorizons.com/Mods_for_Twitch/mxrandom-1.7.10-0.1.4.jar"
  },
  {
    "path": "mods/Natura-1.7.10-2.5.3.jar",
    "url": "http://downloads.gtnewhorizons.com/Mods_for_Twitch/Natura-1.7.10-2.5.3.jar"
  },
  {
    "path": "mods/naturescompass-1.7.10-1.3.6-GTNH.jar",
    "url": "http://downloads.gtnewhorizons.com/Mods_for_Twitch/naturescompass-1.7.10-1.3.6-GTNH.jar"
  },
  {
    "path": "mods/NEICustomDiagram-1.7.10-1.4.4.6.jar",
    "url": "http://downloads.gtnewhorizons.com/Mods_for_Twitch/NEICustomDiagram-1.7.10-1.4.4.6.jar"
  },
  {
    "path": "mods/NEIIntegration-1.7.10-1.2.3.jar",
    "url": "http://downloads.gtnewhorizons.com/Mods_for_Twitch/NEIIntegration-1.7.10-1.2.3.jar"
  },
  {
    "path": "mods/NEIAddons-1.7.10-1.12.19.jar",
    "url": "http://downloads.gtnewhorizons.com/Mods_for_Twitch/NEIAddons-1.7.10-1.12.19.jar"
  },
  {
    "path": "mods/netherportalfix-mc1.7.10-1.1.1.jar",
    "url": "http://downloads.gtnewhorizons.com/Mods_for_Twitch/netherportalfix-mc1.7.10-1.1.1.jar"
  },
  {
    "path": "mods/NettyPatch-1.7.10-0.3.1.jar",
    "url": "http://downloads.gtnewhorizons.com/Mods_for_Twitch/NettyPatch-1.7.10-0.3.1.jar"
  },
  {
    "path": "mods/NodalMechanics-1.7.10-1.1.-6-GTNH.jar",
    "url": "http://downloads.gtnewhorizons.com/Mods_for_Twitch/NodalMechanics-1.7.10-1.1.-6-GTNH.jar"
  },
  {
    "path": "mods/NotEnoughEnergistics-1.7.10-1.3.21.jar",
    "url": "http://downloads.gtnewhorizons.com/Mods_for_Twitch/NotEnoughEnergistics-1.7.10-1.3.21.jar"
  },
  {
    "path": "mods/NotEnoughItems-1.7.10-2.3.7-GTNH.jar",
    "url": "http://downloads.gtnewhorizons.com/Mods_for_Twitch/NotEnoughItems-1.7.10-2.3.7-GTNH.jar"
  },
  {
    "path": "mods/IC2NuclearControl-1.7.10-2.4.16.jar",
    "url": "http://downloads.gtnewhorizons.com/Mods_for_Twitch/IC2NuclearControl-1.7.10-2.4.16.jar"
  },
  {
    "path": "mods/oauth-1.7.10-1.06.1-GTNH.jar",
    "url": "http://downloads.gtnewhorizons.com/Mods_for_Twitch/oauth-1.7.10-1.06.1-GTNH.jar"
  },
  {
    "path": "mods/OpenGlasses-1.7.10-1.2.5-GTNH.jar",
    "url": "http://downloads.gtnewhorizons.com/Mods_for_Twitch/OpenGlasses-1.7.10-1.2.5-GTNH.jar"
  },
  {
    "path": "mods/OpenBlocks-1.7.10-1.6.9-GTNH.jar",
    "url": "http://downloads.gtnewhorizons.com/Mods_for_Twitch/OpenBlocks-1.7.10-1.6.9-GTNH.jar"
  },
  {
    "path": "mods/OpenComputers-1.7.10-1.7.7.2-GTNH.jar",
    "url": "http://downloads.gtnewhorizons.com/Mods_for_Twitch/OpenComputers-1.7.10-1.7.7.2-GTNH.jar"
  },
  {
    "path": "mods/OpenModsLibs-1.7.10-0.10.6.jar",
    "url": "http://downloads.gtnewhorizons.com/Mods_for_Twitch/OpenModsLibs-1.7.10-0.10.6.jar"
  },
  {
    "path": "mods/OpenModularTurrets-1.7.10-2.2.11-247.jar",
    "url": "http://downloads.gtnewhorizons.com/Mods_for_Twitch/OpenModularTurrets-1.7.10-2.2.11-247.jar"
  },
  {
    "path": "mods/opensecurity-1.7.10-1.0.119-GTNH.jar",
    "url": "http://downloads.gtnewhorizons.com/Mods_for_Twitch/opensecurity-1.7.10-1.0.119-GTNH.jar"
  },
  {
    "path": "mods/Opis-1.7.10-1.3.6-mapless.jar",
    "url": "http://downloads.gtnewhorizons.com/Mods_for_Twitch/Opis-1.7.10-1.3.6-mapless.jar"
  },
  {
    "path": "mods/overloadedarmorbar-1.7.10-1.0.1.jar",
    "url": "http://downloads.gtnewhorizons.com/Mods_for_Twitch/overloadedarmorbar-1.7.10-1.0.1.jar"
  },
  {
    "path": "mods/personalspace-1.7.10-1.0.19.jar",
    "url": "http://downloads.gtnewhorizons.com/Mods_for_Twitch/personalspace-1.7.10-1.0.19.jar"
  },
  {
    "path": "mods/ProjectBlue-1.7.10-1.1.8-GTNH.jar",
    "url": "http://downloads.gtnewhorizons.com/Mods_for_Twitch/ProjectBlue-1.7.10-1.1.8-GTNH.jar"
  },
  {
    "path": "mods/ProjRed-1.7.10-4.7.7-GTNH.jar",
    "url": "http://downloads.gtnewhorizons.com/Mods_for_Twitch/ProjRed-1.7.10-4.7.7-GTNH.jar"
  },
  {
    "path": "mods/questbook-1.7.10-2.1.3-GTNH.jar",
    "url": "http://downloads.gtnewhorizons.com/Mods_for_Twitch/questbook-1.7.10-2.1.3-GTNH.jar"
  },
  {
    "path": "mods/Railcraft-1.7.10-9.13.12.jar",
    "url": "http://downloads.gtnewhorizons.com/Mods_for_Twitch/Railcraft-1.7.10-9.13.12.jar"
  },
  {
    "path": "mods/RWG-1.7.10-alpha-1.3.2.1.jar",
    "url": "http://downloads.gtnewhorizons.com/Mods_for_Twitch/RWG-1.7.10-alpha-1.3.2.1.jar"
  },
  {
    "path": "mods/RemoteIO-1.7.10-2.4.7.jar",
    "url": "http://downloads.gtnewhorizons.com/Mods_for_Twitch/RemoteIO-1.7.10-2.4.7.jar"
  },
  {
    "path": "mods/roguelike-1.7.10-1.5.3-GTNH.jar",
    "url": "http://downloads.gtnewhorizons.com/Mods_for_Twitch/roguelike-1.7.10-1.5.3-GTNH.jar"
  },
  {
    "path": "mods/StevesCarts-1.7.10-2.0.2.jar",
    "url": "http://downloads.gtnewhorizons.com/Mods_for_Twitch/StevesCarts-1.7.10-2.0.2.jar"
  },
  {
    "path": "mods/Schematica-1.7.10-1.9.1-GTNH.jar",
    "url": "http://downloads.gtnewhorizons.com/Mods_for_Twitch/Schematica-1.7.10-1.9.1-GTNH.jar"
  },
  {
    "path": "mods/SGCraft-1.7.10-1.3.13-GTNH.jar",
    "url": "http://downloads.gtnewhorizons.com/Mods_for_Twitch/SGCraft-1.7.10-1.3.13-GTNH.jar"
  },
  {
    "path": "mods/sharewhereiam-1.7.10-0.2.0.jar",
    "url": "http://downloads.gtnewhorizons.com/Mods_for_Twitch/sharewhereiam-1.7.10-0.2.0.jar"
  },
  {
    "path": "mods/sleepingbag-1.7.10-0.1.3.jar",
    "url": "http://downloads.gtnewhorizons.com/Mods_for_Twitch/sleepingbag-1.7.10-0.1.3.jar"
  },
  {
    "path": "mods/SpecialMobs-1.7.10-3.3.13.jar",
    "url": "http://downloads.gtnewhorizons.com/Mods_for_Twitch/SpecialMobs-1.7.10-3.3.13.jar"
  },
  {
    "path": "mods/SpiceOfLife-1.7.10-2.0.5-carrot.jar",
    "url": "http://downloads.gtnewhorizons.com/Mods_for_Twitch/SpiceOfLife-1.7.10-2.0.5-carrot.jar"
  },
  {
    "path": "mods/SpongeMixins-1.5.0.jar",
    "url": "http://downloads.gtnewhorizons.com/Mods_for_Twitch/SpongeMixins-1.5.0.jar"
  },
  {
    "path": "mods/StandardExpansion-1.7.10-3.0.197-GTNH.jar",
    "url": "http://downloads.gtnewhorizons.com/Mods_for_Twitch/StandardExpansion-1.7.10-3.0.197-GTNH.jar"
  },
  {
    "path": "mods/StevesFactoryManager-1.7.10-1.1.1-GTNH.jar",
    "url": "http://downloads.gtnewhorizons.com/Mods_for_Twitch/StevesFactoryManager-1.7.10-1.1.1-GTNH.jar"
  },
  {
    "path": "mods/StevesAddons-1.7.10-0.10.24.jar",
    "url": "http://downloads.gtnewhorizons.com/Mods_for_Twitch/StevesAddons-1.7.10-0.10.24.jar"
  },
  {
    "path": "mods/StorageDrawers-1.7.10-1.11.17-GTNH.jar",
    "url": "http://downloads.gtnewhorizons.com/Mods_for_Twitch/StorageDrawers-1.7.10-1.11.17-GTNH.jar"
  },
  {
    "path": "mods/StorageDrawersBop-1.7.10-1.11.17-GTNH.jar",
    "url": "http://downloads.gtnewhorizons.com/Mods_for_Twitch/StorageDrawersBop-1.7.10-1.11.17-GTNH.jar"
  },
  {
    "path": "mods/StorageDrawersForestry-1.7.10-1.11.17-GTNH.jar",
    "url": "http://downloads.gtnewhorizons.com/Mods_for_Twitch/StorageDrawersForestry-1.7.10-1.11.17-GTNH.jar"
  },
  {
    "path": "mods/StorageDrawersMisc-1.7.10-1.11.17-GTNH.jar",
    "url": "http://downloads.gtnewhorizons.com/Mods_for_Twitch/StorageDrawersMisc-1.7.10-1.11.17-GTNH.jar"
  },
  {
    "path": "mods/StorageDrawersNatura-1.7.10-1.11.17-GTNH.jar",
    "url": "http://downloads.gtnewhorizons.com/Mods_for_Twitch/StorageDrawersNatura-1.7.10-1.11.17-GTNH.jar"
  },
  {
    "path": "mods/structurecompat-1.7.10-0.2.0.jar",
    "url": "http://downloads.gtnewhorizons.com/Mods_for_Twitch/structurecompat-1.7.10-0.2.0.jar"
  },
  {
    "path": "mods/structurelib-1.7.10-1.2.0-beta.2.jar",
    "url": "http://downloads.gtnewhorizons.com/Mods_for_Twitch/structurelib-1.7.10-1.2.0-beta.2.jar"
  },
  {
    "path": "mods/SuperTic-1.7.10-1.2.5.jar",
    "url": "http://downloads.gtnewhorizons.com/Mods_for_Twitch/SuperTic-1.7.10-1.2.5.jar"
  },
  {
    "path": "mods/SSP-1.1.2-GT-NH-Mod.jar",
    "url": "http://downloads.gtnewhorizons.com/Mods_for_Twitch/SSP-1.1.2-GT-NH-Mod.jar"
  },
  {
    "path": "mods/Thaumcraft4Tweaks-1.7.10-1.4.16.jar",
    "url": "http://downloads.gtnewhorizons.com/Mods_for_Twitch/Thaumcraft4Tweaks-1.7.10-1.4.16.jar"
  },
  {
    "path": "mods/tcneiadditions-1.7.10-1.1.1.5.dirty.jar",
    "url": "http://downloads.gtnewhorizons.com/Mods_for_Twitch/tcneiadditions-1.7.10-1.1.1.5.dirty.jar"
  },
  {
    "path": "mods/tcnodetracker-1.7.10-1.1.6.jar",
    "url": "http://downloads.gtnewhorizons.com/Mods_for_Twitch/tcnodetracker-1.7.10-1.1.6.jar"
  },
  {
    "path": "mods/TecTech-1.7.10-5.0.39.jar",
    "url": "http://downloads.gtnewhorizons.com/Mods_for_Twitch/TecTech-1.7.10-5.0.39.jar"
  },
  {
    "path": "mods/ThaumcraftResearchTweaks-1.7.10-1.0.3.jar",
    "url": "http://downloads.gtnewhorizons.com/Mods_for_Twitch/ThaumcraftResearchTweaks-1.7.10-1.0.3.jar"
  },
  {
    "path": "mods/ThaumcraftMobAspects-1.7.10-1.0.0-GTNH.jar",
    "url": "http://downloads.gtnewhorizons.com/Mods_for_Twitch/ThaumcraftMobAspects-1.7.10-1.0.0-GTNH.jar"
  },
  {
    "path": "mods/Thaumic-Exploration-1.7.10-1.1.92-GTNH.jar",
    "url": "http://downloads.gtnewhorizons.com/Mods_for_Twitch/Thaumic-Exploration-1.7.10-1.1.92-GTNH.jar"
  },
  {
    "path": "mods/Thaumic-Based-1.7.10-1.4.31.jar",
    "url": "http://downloads.gtnewhorizons.com/Mods_for_Twitch/Thaumic-Based-1.7.10-1.4.31.jar"
  },
  {
    "path": "mods/thaumicenergistics-1.7.10-1.3.19-GTNH.jar",
    "url": "http://downloads.gtnewhorizons.com/Mods_for_Twitch/thaumicenergistics-1.7.10-1.3.19-GTNH.jar"
  },
  {
    "path": "mods/ThaumicHorizons-1.7.10-1.2.1.6.jar",
    "url": "http://downloads.gtnewhorizons.com/Mods_for_Twitch/ThaumicHorizons-1.7.10-1.2.1.6.jar"
  },
  {
    "path": "mods/thaumicinsurgence-1.7.10-0.0.6.jar",
    "url": "http://downloads.gtnewhorizons.com/Mods_for_Twitch/thaumicinsurgence-1.7.10-0.0.6.jar"
  },
  {
    "path": "mods/tcinventoryscan-1.7.10-1.0.12-GTNH.jar",
    "url": "http://downloads.gtnewhorizons.com/Mods_for_Twitch/tcinventoryscan-1.7.10-1.0.12-GTNH.jar"
  },
  {
    "path": "mods/ThaumicTinkerer-1.7.10-2.6.5.jar",
    "url": "http://downloads.gtnewhorizons.com/Mods_for_Twitch/ThaumicTinkerer-1.7.10-2.6.5.jar"
  },
  {
    "path": "mods/TiCTooltips-1.7.10-1.2.10.jar",
    "url": "http://downloads.gtnewhorizons.com/Mods_for_Twitch/TiCTooltips-1.7.10-1.2.10.jar"
  },
  {
    "path": "mods/TConstruct-1.7.10-1.9.4-GTNH.jar",
    "url": "http://downloads.gtnewhorizons.com/Mods_for_Twitch/TConstruct-1.7.10-1.9.4-GTNH.jar"
  },
  {
    "path": "mods/TGregworks-1.7.10-GTNH-1.0.23.jar",
    "url": "http://downloads.gtnewhorizons.com/Mods_for_Twitch/TGregworks-1.7.10-GTNH-1.0.23.jar"
  },
  {
    "path": "mods/TMechworks-1.7.10-0.2.16.4.jar",
    "url": "http://downloads.gtnewhorizons.com/Mods_for_Twitch/TMechworks-1.7.10-0.2.16.4.jar"
  },
  {
    "path": "mods/TooMuchLoot-1.7.10-4.1.0-GTNH.jar",
    "url": "http://downloads.gtnewhorizons.com/Mods_for_Twitch/TooMuchLoot-1.7.10-4.1.0-GTNH.jar"
  },
  {
    "path": "mods/torohealth-1.7.10-1.0.1.jar",
    "url": "http://downloads.gtnewhorizons.com/Mods_for_Twitch/torohealth-1.7.10-1.0.1.jar"
  },
  {
    "path": "mods/Translocator-1.7.10-1.1.2.20.jar",
    "url": "http://downloads.gtnewhorizons.com/Mods_for_Twitch/Translocator-1.7.10-1.1.2.20.jar"
  },
  {
    "path": "mods/TwilightForest-1.7.10-2.3.8.16.jar",
    "url": "http://downloads.gtnewhorizons.com/Mods_for_Twitch/TwilightForest-1.7.10-2.3.8.16.jar"
  },
  {
    "path": "mods/Universal-Singularities-1.7.10-8.6.5.jar",
    "url": "http://downloads.gtnewhorizons.com/Mods_for_Twitch/Universal-Singularities-1.7.10-8.6.5.jar"
  },
  {
    "path": "mods/visualprospecting-1.7.10-1.0.33.jar",
    "url": "http://downloads.gtnewhorizons.com/Mods_for_Twitch/visualprospecting-1.7.10-1.0.33.jar"
  },
  {
    "path": "mods/Waila-1.7.10-1.5.22.jar",
    "url": "http://downloads.gtnewhorizons.com/Mods_for_Twitch/Waila-1.7.10-1.5.22.jar"
  },
  {
    "path": "mods/WailaHarvestability-1.7.10-1.1.10-GTNH.jar",
    "url": "http://downloads.gtnewhorizons.com/Mods_for_Twitch/WailaHarvestability-1.7.10-1.1.10-GTNH.jar"
  },
  {
    "path": "mods/WAILAPlugins-1.7.10-0.2.5.jar",
    "url": "http://downloads.gtnewhorizons.com/Mods_for_Twitch/WAILAPlugins-1.7.10-0.2.5.jar"
  },
  {
    "path": "mods/WanionLib-1.7.10-1.8.3.jar",
    "url": "http://downloads.gtnewhorizons.com/Mods_for_Twitch/WanionLib-1.7.10-1.8.3.jar"
  },
  {
    "path": "mods/WarpTheory-1.7.10-1.2.6-GTNH.jar",
    "url": "http://downloads.gtnewhorizons.com/Mods_for_Twitch/WarpTheory-1.7.10-1.2.6-GTNH.jar"
  },
  {
    "path": "mods/Wawla-1.7.10-1.1.3-GTNH.jar",
    "url": "http://downloads.gtnewhorizons.com/Mods_for_Twitch/Wawla-1.7.10-1.1.3-GTNH.jar"
  },
  {
    "path": "mods/WirelessCraftingTerminal-1.7.10-1.8.9.2.jar",
    "url": "http://downloads.gtnewhorizons.com/Mods_for_Twitch/WirelessCraftingTerminal-1.7.10-1.8.9.2.jar"
  },
  {
    "path": "mods/WR-CBE-1.7.10-1.4.8.jar",
    "url": "http://downloads.gtnewhorizons.com/Mods_for_Twitch/WR-CBE-1.7.10-1.4.8.jar"
  },
  {
    "path": "mods/WitcheryExtras-1.7.10-1.1.12.jar",
    "url": "http://downloads.gtnewhorizons.com/Mods_for_Twitch/WitcheryExtras-1.7.10-1.1.12.jar"
  },
  {
    "path": "mods/WitchingGadgets-1.7.10-1.2.21-GTNH.jar",
    "url": "http://downloads.gtnewhorizons.com/Mods_for_Twitch/WitchingGadgets-1.7.10-1.2.21-GTNH.jar"
  },
  {
    "path": "mods/YAMCore-1.7.10-0.5.84.jar",
    "url": "http://downloads.gtnewhorizons.com/Mods_for_Twitch/YAMCore-1.7.10-0.5.84.jar"
  },
  {
    "path": "mods/Thaumcraft-1.7.10-4.2.3.5a.jar",
    "url": "http://downloads.gtnewhorizons.com/Mods_for_Twitch/Thaumcraft-1.7.10-4.2.3.5a.jar"
  },
  {
    "path": "mods/BuildCraftOilTweak-1.7.10-1.0.3.jar",
    "url": "http://downloads.gtnewhorizons.com/Mods_for_Twitch/BuildCraftOilTweak-1.7.10-1.0.3.jar"
  },
  {
    "path": "mods/Thaumic Machina-1.7.10-0.2.1.jar",
    "url": "http://downloads.gtnewhorizons.com/Mods_for_Twitch/Thaumic Machina-1.7.10-0.2.1.jar"
  },
  {
    "path": "mods/Tinkers-Defense-1.2.1d.jar",
    "url": "http://downloads.gtnewhorizons.com/Mods_for_Twitch/Tinkers-Defense-1.2.1d.jar"
  },
  {
    "path": "mods/TravellersGear-1.7.10-1.16.8-GTNH.jar",
    "url": "http://downloads.gtnewhorizons.com/Mods_for_Twitch/TravellersGear-1.7.10-1.16.8-GTNH.jar"
  },
  {
    "path": "mods/AdvancedSolarPanel-1.7.10-3.5.1a.jar",
    "url": "http://downloads.gtnewhorizons.com/Mods_for_Twitch/AdvancedSolarPanel-1.7.10-3.5.1a.jar"
  },
  {
    "path": "mods/extrautilities-1.2.13a.jar",
    "url": "http://downloads.gtnewhorizons.com/Mods_for_Twitch/extrautilities-1.2.13a.jar"
  },
  {
    "path": "mods/industrialcraft-2-2.2.828a-experimental.jar",
    "url": "http://downloads.gtnewhorizons.com/Mods_for_Twitch/industrialcraft-2-2.2.828a-experimental.jar"
  },
  {
    "path": "mods/GraviSuite-1.7.10-2.0.68u.jar",
    "url": "http://downloads.gtnewhorizons.com/Mods_for_Twitch/GraviSuite-1.7.10-2.0.68u.jar"
  },
  {
    "path": "mods/Ztones-1.7.10-2.2.2.jar",
    "url": "http://downloads.gtnewhorizons.com/Mods_for_Twitch/Ztones-1.7.10-2.2.2.jar"
  }
]