{
  "ores": [
	"oreEndstoneBlackPlutonium",
    "100",
	"oreEndstoneCosmicNeutronium",
    "5",
	"oreEndstoneYttrium",
    "75",
	"oreEndstoneGallium",
    "75",
	"oreEndstoneMysteriousCrystal",
    "25",
	"oreEndstoneDeepIron",
    "150",
	"oreEndstoneNaquadah",
    "125",
	"oreEndstoneNaquadahEnriched",
    "75",
	"oreEndstoneNaquadria",
    "50",
	"oreEndstoneUranium235",
    "25",
	"oreEndstonePlutonium241",
    "25",
	"oreEndstoneUranium",
    "50",
	"oreEndstonePlutonium",
    "50",
	"oreEndstoneSamarium",
    "25",
	"oreEndstoneNetherStar",
    "10",
	"oreEndstoneNeutronium",
    "10",
	"oreEndstoneNiobium",
    "75",
	"oreEndstoneBorax",
    "75"
  ],
  "radius": 22,
  "cost": 100000000,
  "focusModId": "gregtech",
  "focusName": "gt.blockmachines",
  "focusMeta": 10951
}

