{
  "ores": [
    "oreMarbleTopaz",
    "50",
	"oreMarbleBlueTopaz",
    "50",
	"oreMarbleChromite",
    "75",
	"oreMarbleUvarovite",
    "125",
	"oreMarbleTungstate",
    "45",
	"oreMarbleScheelite",
    "45",
	"oreMarbleLithium",
    "30",
	"oreMarbleAlduorite",
    "10",
	"oreMarblePalladium",
    "35",
	"oreMarbleChrome",
    "50",
	"oreMarblePlatinum",
    "65",
	"oreMarbleNickel",
    "100",
	"oreMarbleIridium",
    "50",
	"oreMarbleLedox",
    "50",
	"oreMarbleUranium",
    "10",
	"oreMarblePlutonium",
    "1",
	"oreMarbleCallistoIce",
    "125",
	"rockCallisto",
    "350"
  ],
  "radius": 20,
  "cost": 1000000,
  "focusModId": "gregtech",
  "focusName": "gt.metaitem.01",
  "focusMeta": 32464
}

