{
  "ores": [
	"oreEndstoneElectrum",
    "100",
	"oreEndstoneAluminium",
    "100",
	"oreEndstoneTitanium",
    "100",
	"oreEndstoneTungsten",
    "100",
	"oreEndstoneNeodymium",
    "100",
	"oreEndstoneChrome",
    "100",
	"oreEndstoneBeryllium",
    "100",
	"oreEndstoneManganese",
    "100",
	"oreEndstoneGallium",
    "100",
	"oreEndstoneYttrium",
    "100",
	"oreEndstoneNiobium",
    "100",
	"oreEndstoneStrontium",
    "100",
	"oreEndstoneCadmium",
    "100",
	"oreEndstoneTellurium",
    "100",
	"oreEndstoneBarium",
    "100",
	"oreEndstoneLanthanum",
    "10",
	"oreEndstoneIndium",
    "5",
	"oreEndstoneCerium",
    "100",
	"oreEndstonePraseodymium",
    "100",
	"oreEndstonePromethium",
    "100",
	"oreEndstoneSamarium",
    "25",
	"oreEndstoneEuropium",
    "5",
	"oreEndstoneTerbium",
    "100",
	"oreEndstoneDysprosium",
    "100",
	"oreEndstoneErbium",
    "100",
	"oreEndstoneThulium",
    "100",
	"oreEndstoneLutetium",
    "75",
	"oreEndstoneTantalum",
    "100",
	"oreEndstoneYtterbium",
    "100",
	"oreEndstoneGadolinium",
    "100",
	"oreEndstoneHolmium",
    "100",
	"oreEndstoneCaesium",
    "100",
	"oreEndstoneScandium",
    "100",
	"oreTiberium",
    "100"
  ],
  "radius": 16,
  "cost": 80000000,
  "focusModId": "gregtech",
  "focusName": "gt.blockmachines",
  "focusMeta": 1186
}

