{
  "ores": [
	"endstone",
    "150",
	"oreEndstoneMagnetite",
    "115",
	"oreEndstoneVanadiumMagnetite",
    "75",
	"oreEndstoneGold",
    "75",
	"oreEndstoneChalcopyrite",
    "85",
	"oreEndstoneIron",
    "60",
	"oreEndstonePyrite",
    "75",
	"oreEndstoneCopper",
    "95",
	"oreEndstoneTetrahedrite",
    "115",
	"oreEndstoneStibnite",
    "75",
	"oreEndstoneGrossular",
    "55",
	"oreEndstoneSpessartine",
    "55",
	"oreEndstonePyrolusite",
    "45",
	"oreEndstoneTantalite",
    "45",
	"oreEndstoneBeryllium",
    "65",
	"oreEndstoneEmerald",
    "40",
	"oreEndstoneThorium",
    "50",
	"oreEndstoneWulfenite",
    "25",
	"oreEndstoneMolybdenite",
    "25",
	"oreEndstoneMolybdenum",
    "25",
	"oreEndstonePowellite",
    "25",
	"oreEndstoneBentonite",
    "55",
	"oreEndstoneMagnesite",
    "55",
	"oreEndstoneOlivine",
    "55",
	"oreEndstoneGlauconite",
    "45",
	"oreEndstoneGarnierite",
    "65",
	"oreEndstoneNickel",
    "65",
	"oreEndstoneCobaltite",
    "65",
	"oreEndstonePentlandite",
    "125",
	"oreEndstoneScheelite",
    "20",
	"oreEndstoneTungstate",
    "20",
	"oreEndstoneLithium",
    "25",
	"oreEndstoneIridium",
    "25",
	"oreEndstonePlatinum",
    "25",
	"oreEndstonePalladium",
    "25",
	"oreEndstoneNaquadah",
    "15",
	"oreEndstoneNaquadahEnriched",
    "5"
  ],
  "radius": 18,
  "cost": 3250000,
  "focusModId": "gregtech",
  "focusName": "gt.blockmachines",
  "focusMeta": 1182
}

