{
  "ores": [
    "oreBlackgraniteMeteoricIron",
    "10",
	"oreBlackgraniteChromite",
    "50",
	"oreBlackgraniteBastnasite",
    "100",
	"oreBlackgraniteMonazite",
    "30",
	"oreBlackgraniteMolybdenum",
    "70",
	"oreBlackgranitePyrochlore",
    "50",
	"oreBlackgraniteNeodymium",
    "50",
	"oreBlackgraniteBarite",
    "50",
	"oreBlackgraniteCertusQuartz",
    "25",
	"oreBlackgraniteDesh",
    "60",
	"oreBlackgraniteThorium",
    "50",
	"oreBlackgraniteUraninite",
    "50",
	"oreBlackgraniteUranium",
    "30",
	"oreBlackgranitePitchblende",
    "50",
	"oreBlackgraniteDraconium",
    "50",
	"oreBlackgraniteElectrotine",
    "50",
	"oreBlackgraniteOriharukon",
    "50",
	"oreBlackgraniteArsenic",
    "50",
	"oreBlackgraniteBismuth",
    "50",
	"oreBlackgraniteAntimony",
    "50"
  ],
  "radius": 13,
  "cost": 500000,
  "focusModId": "gregtech",
  "focusName": "gt.metaitem.01",
  "focusMeta": 32692
}

