{
  "ores": [
    "oreBlackgraniteTantalite",
    "60",
	"oreBlackgraniteMica",
    "60",
	"oreBlackgraniteAsbestos",
    "20",
	"oreBlackgraniteCalcite",
    "60",
	"oreBlackgraniteSoapstone",
    "20",
	"oreBlackgraniteVanadiumMagnetite",
    "60",
	"oreBlackgraniteSalt",
    "50",
	"oreBlackgraniteRockSalt",
    "50",
	"oreBlackgraniteSphalerite",
    "50",
	"oreBlackgraniteIron",
    "5",
	"oreBlackgraniteNickel",
    "15",
	"oreBlackgraniteCopper",
    "200",
	"oreBlackgraniteTin",
    "20",
	"oreBlackgraniteLead",
    "40",
	"oreBlackgraniteSilver",
    "50",
	"oreBlackgraniteGold",
    "50",
	"oreBlackgraniteCassiterite",
    "70",
	"stoneGraniteBlack",
    "200"
  ],
  "radius": 16,
  "cost": 300000,
  "focusModId": "gregtech",
  "focusName": "gt.metaitem.01",
  "focusMeta": 32680
}

