{
  "ores": [
    "stoneGraniteBlack",
    "499",
	"oreBlackgraniteDiamond",
    "100",
	"oreBlackgraniteEmerald",
    "50",
	"oreBlackgraniteRuby",
    "50",
	"oreBlackgraniteSapphire",
    "25",
	"oreBlackgraniteGreenSapphire",
    "25",
	"oreBlackgraniteOlivine",
    "25",
	"oreBlackgraniteTopaz",
    "25",
	"oreBlackgraniteTanzanite",
    "25",
	"oreBlackgraniteAmethyst",
    "25",
	"oreBlackgraniteOpal",
    "25",
	"oreBlackgraniteJasper",
    "25",
	"oreBlackgraniteBlueTopaz",
    "25",
	"oreBlackgraniteGarnetRed",
    "25",
	"oreBlackgraniteGarnetYellow",
    "25",
	"oreBlackgraniteJade",
    "25",
	"oreBlackgraniteVinteum",
    "25",
	"oreBlackgraniteLapis",
    "50",
	"oreBlackgraniteLazurite",
    "50",
	"oreBlackgraniteNetherStar",
    "1"
  ],
  "radius": 12,
  "cost": 500000,
  "focusModId": "gregtech",
  "focusName": "gt.metaitem.01",
  "focusMeta": 24347
}
