{
  "ores": [
    "oreBlackgraniteOilsands",
    "120",
	"oreBlackgraniteMica",
    "50",
	"oreBlackgraniteAsbestos",
    "50",
	"oreBlackgraniteCalcite",
    "80",
	"oreBlackgraniteLepidolite",
    "70",
	"oreBlackgraniteVanadiumMagnetite",
    "80",
	"oreBlackgraniteSalt",
    "20",
	"oreBlackgraniteRockSalt",
    "20",
	"oreBlackgraniteSphalerite",
    "70",
	"oreBlackgranitePollucite",
    "25",
	"oreBlackgraniteNickel",
    "55",
	"oreBlackgraniteCopper",
    "75",
	"oreBlackgraniteRedstone",
    "80",
	"oreBlackgraniteCinnabar",
    "120",
	"oreBlackgraniteSilver",
    "90",
	"stoneGraniteBlack",
    "200"
  ],
  "radius": 18,
  "cost": 300000,
  "focusModId": "gregtech",
  "focusName": "gt.metaitem.01",
  "focusMeta": 32690
}

