{
  "ores": [
    "oreBlackgraniteOilsands",
    "100",
	"oreBlackgraniteMica",
    "80",
	"oreBlackgraniteAsbestos",
    "60",
	"oreBlackgraniteCalcite",
    "80",
	"oreBlackgraniteLepidolite",
    "80",
	"oreBlackgraniteVanadiumMagnetite",
    "60",
	"oreBlackgraniteSalt",
    "80",
	"oreBlackgraniteRockSalt",
    "80",
	"oreBlackgraniteSphalerite",
    "80",
	"oreBlackgranitePollucite",
    "40",
	"oreBlackgraniteNickel",
    "80",
	"oreBlackgraniteCopper",
    "100",
	"oreBlackgraniteRedstone",
    "100",
	"oreBlackgraniteCinnabar",
    "80",
	"oreBlackgraniteGarnetSand",
    "40",
	"oreBlackgraniteGypsum",
    "40",
	"oreBlackgraniteLapis",
    "100",
	"oreBlackgraniteLazurite",
    "60",
	"oreBlackgraniteSodalite",
    "60",
	"oreBlackgraniteCassiterite",
    "80",
	"oreBlackgraniteApatite",
    "80",
	"oreBlackgraniteRuby",
    "80",
	"oreBlackgraniteSilver",
    "80"
  ],
  "radius": 20,
  "cost": 600000,
  "focusModId": "gregtech",
  "focusName": "gt.metaitem.01",
  "focusMeta": 32670
}

