{
  "ores": [
	"oreNetherrackNetherQuartz",
    "150",
	"oreNetherrackSulfur",
    "100",
	"oreNetherrackSphalerite",
    "100",
	"oreNetherrackThorium",
    "100",
	"oreNetherrackEmerald",
    "50",
	"oreNetherrackBeryllium",
    "100",
	"oreNetherrackIron",
    "75",
	"oreNetherrackChalcopyrite",
    "75",
	"oreNetherrackPyrite",
    "75",
	"oreNetherrackCopper",
    "100",
	"oreNetherrackTetrahedrite",
    "125",
	"oreNetherrackStibnite",
    "75",
	"oreNetherrackTantalite",
    "75",
	"oreNetherrackPyrolusite",
    "75",
	"oreNetherrackGrossular",
    "50",
	"oreNetherrackSpessartine",
    "50",
	"oreNetherrackQuartzite",
    "75",
	"oreNetherrackBarite",
    "75",
	"oreNetherrackRedstone",
    "100",
	"oreNetherrackRuby",
    "75",
	"oreNetherrackCinnabar",
    "70",
	"oreNetherrackCertusQuartz",
    "100",
	"oreNetherrackFirestone",
    "20"
  ],
  "radius": 18,
  "cost": 1200000,
  "focusModId": "gregtech",
  "focusName": "gt.blockmachines",
  "focusMeta": 482
}

