{
  "ores": [
	"oreMarbleBauxite",
    "135",
	"oreMarbleIlmenite",
    "105",
	"oreMarbleAluminium",
    "55",
	"oreMarbleChromite",
    "35",
	"oreMarbleUvarovite",
    "55",
	"oreMarblePerlite",
    "35",
	"oreMarbleBastnasite",
    "85",
	"oreMarbleNeodymium",
    "75",
	"oreMarbleMonazite",
    "65",
	"oreBasaltGalena",
    "85",
	"oreBasaltSphalerite",
    "45",
	"oreBasaltSilver",
    "35",
	"oreBasaltCinnabar",
    "45",
	"oreBasaltLead",
    "35",
	"oreBasaltCobaltite",
    "35",
	"oreBasaltNickel",
    "45",
	"oreBasaltArsenic",
    "35",
	"oreBasaltDesh",
    "50",
	"oreBasaltTungstate",
    "75",
	"oreBasaltScheelite",
    "75",
	"oreBasaltUraninite",
    "75",
	"oreBasaltPitchblende",
    "75",
	"oreBasaltUranium",
    "65",
	"oreBasaltOriharukon",
    "35",
	"oreEndstoneMeteoricIron",
    "75"
  ],
  "radius": 24,
  "cost": 6000000,
  "focusModId": "gregtech",
  "focusName": "gt.blockmachines",
  "focusMeta": 463
}

