{
  "ores": [
	"stainedGlassWhite",
    "1",
	"stainedGlassOrange",
    "1",
	"stainedGlassMagenta",
    "1",
	"stainedGlassLightBlue",
    "1",
	"stainedGlassYellow",
    "1",
	"stainedGlassLime",
    "1",
	"stainedGlassPink",
    "1",
	"stainedGlassGray",
    "1",
	"stainedGlassCyan",
    "1",
	"stainedGlassPurple",
    "1",
	"stainedGlassBlue",
    "1",
	"stainedGlassBrown",
    "1",
	"stainedGlassGreen",
    "1",
	"stainedGlassRed",
    "1",
	"stainedGlassBlack",
    "1"
  ],
  "radius": 8,
  "cost": 123456,
  "focusModId": "minecraft",
  "focusName": "melon_block",
  "focusMeta": 0
}

