<?xml version="1.0" encoding="UTF-8" standalone="yes"?>
<LootGroup category="chest1" loading_mode="OVERRIDE" count_min="2" count_max="4">

	<loot item="gregtech:gt.blockmachines" damage="5113" weight="15" count_min="2" count_max="4"/>
	<loot item="gregtech:gt.blockmachines" damage="5114" weight="10" count_min="1" count_max="2"/>
	<loot item="gregtech:gt.blockcasings" damage="10" weight="10" count_min="4" count_max="8"/>
	<loot item="gregtech:gt.metaitem.01" damage="17300" weight="25" count_min="10" count_max="20"/>
	<loot item="gregtech:gt.blockmachines" damage="5124" weight="15" count_min="1" count_max="2"/>
	<loot item="gregtech:gt.blockmachines" damage="5122" weight="15" count_min="4" count_max="8"/>
	<loot item="gregtech:gt.blockmachines" damage="2" weight="10" count_min="2" count_max="4"/>
	<loot item="gregtech:gt.blockmachines" damage="4" weight="10" count_min="1" count_max="2"/>
	<loot item="IC2:blockMachine" damage="1" weight="20" count_min="2" count_max="4"/>
	<loot item="minecraft:piston" damage="0" weight="20" count_min="4" count_max="6"/>
	<loot item="IC2:itemCasing" damage="0" weight="20" count_min="4" count_max="8"/>
	<loot item="IC2:itemCasing" damage="1" weight="20" count_min="4" count_max="8"/>
	<loot item="IC2:itemCasing" damage="2" weight="20" count_min="4" count_max="8"/>
	<loot item="IC2:itemCasing" damage="3" weight="20" count_min="4" count_max="8"/>
	<loot item="IC2:itemCasing" damage="4" weight="20" count_min="4" count_max="8"/>
	<loot item="IC2:itemCasing" damage="5" weight="20" count_min="4" count_max="8"/>
	<loot item="IC2:itemCasing" damage="6" weight="20" count_min="4" count_max="8"/>
	<loot item="IC2:itemTreetap" damage="0" weight="25" count_min="1" count_max="2"/>
	<loot item="gregtech:gt.blockmachines" damage="1" weight="20" count_min="1" count_max="4"/>
	<loot item="gregtech:gt.metaitem.02" damage="21057" weight="25" count_min="4" count_max="6"/>
	<loot item="gregtech:gt.blockmachines" damage="1240" weight="20" count_min="8" count_max="12"/>
	<loot item="gregtech:gt.blockmachines" damage="1246" weight="15" count_min="8" count_max="12"/>
	<loot item="gregtech:gt.blockmachines" damage="1360" weight="20" count_min="8" count_max="12"/>
	<loot item="gregtech:gt.blockmachines" damage="1386" weight="15" count_min="8" count_max="12"/>
	<loot item="gregtech:gt.blockmetal2" damage="0" weight="10" count_min="1" count_max="2"/>
	<loot item="gregtech:gt.blockmetal2" damage="7" weight="10" count_min="1" count_max="2"/>
	<loot item="Railcraft:part.plate" damage="3" weight="20" count_min="8" count_max="16"/>
	<loot item="Railcraft:part.plate" damage="0" weight="20" count_min="8" count_max="16"/>
	<loot item="gregtech:gt.metaitem.01" damage="17057" weight="25" count_min="10" count_max="20"/>
	<loot item="gregtech:gt.metaitem.01" damage="17304" weight="25" count_min="10" count_max="20"/>
	<loot item="gregtech:gt.metaitem.01" damage="17054" weight="25" count_min="10" count_max="20"/>
	<loot item="gregtech:gt.metaitem.01" damage="21057" weight="15" count_min="4" count_max="6"/>
	<loot item="gregtech:gt.metaitem.01" damage="21300" weight="15" count_min="4" count_max="6"/>
	<loot item="gregtech:gt.metaitem.02" damage="31300" weight="20" count_min="8" count_max="10"/>
	<loot item="gregtech:gt.metaitem.01" damage="31035" weight="20" count_min="8" count_max="10"/>
	<loot item="gregtech:gt.metaitem.01" damage="11308" weight="25" count_min="8" count_max="10"/>
	<loot item="gregtech:gt.metaitem.01" damage="17308" weight="20" count_min="12" count_max="16"/>
	<loot item="gregtech:gt.metaitem.01" damage="32700" weight="10" count_min="4" count_max="8"/>
	<loot item="minecraft:flint_and_steel" damage="0" weight="10" count_min="1" count_max="2"/>
	<loot item="minecraft:minecart" damage="0" weight="10" count_min="2" count_max="4"/>
	<loot item="minecraft:hopper_minecart" damage="0" weight="10" count_min="1" count_max="2"/>
	<loot item="minecraft:furnace_minecart" damage="0" weight="10" count_min="1" count_max="2"/>
	<loot item="minecraft:chest_minecart" damage="0" weight="10" count_min="1" count_max="2"/>
	<loot item="minecraft:hopper" damage="0" weight="10" count_min="1" count_max="2"/>
	<loot item="minecraft:rail" damage="0" weight="15" count_min="16" count_max="32"/>
	<loot item="minecraft:ladder" damage="0" weight="20" count_min="10" count_max="15"/>
	<loot item="minecraft:bed" damage="0" weight="20" count_min="1" count_max="2"/>
	<loot item="minecraft:trapdoor" damage="0" weight="20" count_min="1" count_max="2"/>
	<loot item="minecraft:iron_bars" damage="0" weight="25" count_min="6" count_max="12"/>
	<loot item="minecraft:activator_rail" damage="0" weight="10" count_min="2" count_max="4"/>
	<loot item="minecraft:wooden_door" damage="0" weight="20" count_min="2" count_max="4"/>
	<loot item="minecraft:blaze_rod" damage="0" weight="10" count_min="2" count_max="4"/>
	<loot item="minecraft:cauldron" damage="0" weight="10" count_min="1" count_max="2"/>
	<loot item="minecraft:comparator" damage="0" weight="10" count_min="1" count_max="2"/>
	<loot item="minecraft:repeater" damage="0" weight="10" count_min="1" count_max="2"/>
	<loot item="JABBA:mover" damage="0" weight="10" count_min="1" count_max="2"/>
	<loot item="JABBA:barrel" damage="0" weight="25" count_min="10" count_max="20"/>
	<loot item="Railcraft:machine.beta" damage="3" weight="20" count_min="4" count_max="8"/>
	<loot item="Railcraft:machine.beta" damage="4" weight="15" count_min="4" count_max="8"/>
	<loot item="Railcraft:machine.beta" damage="5" weight="10" count_min="1" count_max="2"/>
	<loot item="Railcraft:machine.beta" damage="6" weight="10" count_min="1" count_max="2"/>
	<loot item="BuildCraft|Factory:tankBlock" damage="0" weight="20" count_min="2" count_max="4"/>
</LootGroup>