<?xml version="1.0" encoding="UTF-8" standalone="yes"?>
<LootGroup category="naturalistChest" loading_mode="OVERRIDE" count_min="0" count_max="0">
    <loot item="Forestry:candle" damage="0" nbt="{colour:16777215}" weight="12" count_min="7" count_max="12"/>
    <loot item="Forestry:scoop" damage="0" weight="8" count_min="1" count_max="1"/>
    <loot item="Forestry:propolis" damage="0" weight="6" count_min="2" count_max="4"/>
    <loot item="Forestry:beeCombs" damage="0" weight="7" count_min="4" count_max="12"/>
    <loot item="Forestry:beeCombs" damage="4" weight="7" count_min="2" count_max="10"/>
    <loot item="Forestry:beeCombs" damage="6" weight="7" count_min="1" count_max="6"/>
    <loot item="Forestry:beePrincessGE" damage="0" nbt="{MaxH:20,Health:20,IsAnalyzed:0b,Genome:{Chromosomes:[0:{UID1:&quot;forestry.speciesForest&quot;,UID0:&quot;forestry.speciesForest&quot;,Slot:0b},1:{UID1:&quot;forestry.speedSlowest&quot;,UID0:&quot;forestry.speedSlowest&quot;,Slot:1b},2:{UID1:&quot;forestry.lifespanShorter&quot;,UID0:&quot;forestry.lifespanShorter&quot;,Slot:2b},3:{UID1:&quot;forestry.fertilityHigh&quot;,UID0:&quot;forestry.fertilityHigh&quot;,Slot:3b},4:{UID1:&quot;forestry.toleranceNone&quot;,UID0:&quot;forestry.toleranceNone&quot;,Slot:4b},5:{UID1:&quot;forestry.boolFalse&quot;,UID0:&quot;forestry.boolFalse&quot;,Slot:5b},6:{UID1:&quot;forestry.toleranceNone&quot;,UID0:&quot;forestry.toleranceNone&quot;,Slot:7b},7:{UID1:&quot;forestry.boolTrue&quot;,UID0:&quot;forestry.boolTrue&quot;,Slot:8b},8:{UID1:&quot;forestry.boolFalse&quot;,UID0:&quot;forestry.boolFalse&quot;,Slot:9b},9:{UID1:&quot;forestry.flowersVanilla&quot;,UID0:&quot;forestry.flowersVanilla&quot;,Slot:10b},10:{UID1:&quot;forestry.floweringSlower&quot;,UID0:&quot;forestry.floweringSlower&quot;,Slot:11b},11:{UID1:&quot;forestry.territoryAverage&quot;,UID0:&quot;forestry.territoryAverage&quot;,Slot:12b},12:{UID1:&quot;forestry.effectNone&quot;,UID0:&quot;forestry.effectNone&quot;,Slot:13b}]}}" weight="5" count_min="1" count_max="1"/>
    <loot item="Forestry:beeDroneGE" damage="0" nbt="{MaxH:20,Health:20,IsAnalyzed:0b,Genome:{Chromosomes:[0:{UID1:&quot;forestry.speciesCommon&quot;,UID0:&quot;forestry.speciesCommon&quot;,Slot:0b},1:{UID1:&quot;forestry.speedSlower&quot;,UID0:&quot;forestry.speedSlower&quot;,Slot:1b},2:{UID1:&quot;forestry.lifespanShorter&quot;,UID0:&quot;forestry.lifespanShorter&quot;,Slot:2b},3:{UID1:&quot;forestry.fertilityNormal&quot;,UID0:&quot;forestry.fertilityNormal&quot;,Slot:3b},4:{UID1:&quot;forestry.toleranceNone&quot;,UID0:&quot;forestry.toleranceNone&quot;,Slot:4b},5:{UID1:&quot;forestry.boolFalse&quot;,UID0:&quot;forestry.boolFalse&quot;,Slot:5b},6:{UID1:&quot;forestry.toleranceNone&quot;,UID0:&quot;forestry.toleranceNone&quot;,Slot:7b},7:{UID1:&quot;forestry.boolFalse&quot;,UID0:&quot;forestry.boolFalse&quot;,Slot:8b},8:{UID1:&quot;forestry.boolFalse&quot;,UID0:&quot;forestry.boolFalse&quot;,Slot:9b},9:{UID1:&quot;forestry.flowersVanilla&quot;,UID0:&quot;forestry.flowersVanilla&quot;,Slot:10b},10:{UID1:&quot;forestry.floweringSlowest&quot;,UID0:&quot;forestry.floweringSlowest&quot;,Slot:11b},11:{UID1:&quot;forestry.territoryAverage&quot;,UID0:&quot;forestry.territoryAverage&quot;,Slot:12b},12:{UID1:&quot;forestry.effectNone&quot;,UID0:&quot;forestry.effectNone&quot;,Slot:13b}]}}" weight="8" count_min="1" count_max="2"/>
    <loot item="Forestry:beePrincessGE" damage="0" nbt="{MaxH:20,Health:20,IsAnalyzed:0b,Genome:{Chromosomes:[0:{UID1:&quot;forestry.speciesMeadows&quot;,UID0:&quot;forestry.speciesMeadows&quot;,Slot:0b},1:{UID1:&quot;forestry.speedSlowest&quot;,UID0:&quot;forestry.speedSlowest&quot;,Slot:1b},2:{UID1:&quot;forestry.lifespanShorter&quot;,UID0:&quot;forestry.lifespanShorter&quot;,Slot:2b},3:{UID1:&quot;forestry.fertilityNormal&quot;,UID0:&quot;forestry.fertilityNormal&quot;,Slot:3b},4:{UID1:&quot;forestry.toleranceNone&quot;,UID0:&quot;forestry.toleranceNone&quot;,Slot:4b},5:{UID1:&quot;forestry.boolFalse&quot;,UID0:&quot;forestry.boolFalse&quot;,Slot:5b},6:{UID1:&quot;forestry.toleranceNone&quot;,UID0:&quot;forestry.toleranceNone&quot;,Slot:7b},7:{UID1:&quot;forestry.boolFalse&quot;,UID0:&quot;forestry.boolFalse&quot;,Slot:8b},8:{UID1:&quot;forestry.boolFalse&quot;,UID0:&quot;forestry.boolFalse&quot;,Slot:9b},9:{UID1:&quot;forestry.flowersVanilla&quot;,UID0:&quot;forestry.flowersVanilla&quot;,Slot:10b},10:{UID1:&quot;forestry.floweringSlower&quot;,UID0:&quot;forestry.floweringSlower&quot;,Slot:11b},11:{UID1:&quot;forestry.territoryAverage&quot;,UID0:&quot;forestry.territoryAverage&quot;,Slot:12b},12:{UID1:&quot;forestry.effectNone&quot;,UID0:&quot;forestry.effectNone&quot;,Slot:13b}]}}" weight="5" count_min="1" count_max="1"/>
    <loot item="Forestry:grafter" damage="0" weight="8" count_min="1" count_max="1"/>
    <loot item="Forestry:sapling" damage="0" nbt="{IsAnalyzed:0b,Genome:{Chromosomes:[0:{UID1:&quot;forestry.treeOak&quot;,UID0:&quot;forestry.treeOak&quot;,Slot:0b},1:{UID1:&quot;forestry.growthLightlevel&quot;,UID0:&quot;forestry.growthLightlevel&quot;,Slot:1b},2:{UID1:&quot;forestry.heightSmall&quot;,UID0:&quot;forestry.heightSmall&quot;,Slot:2b},3:{UID1:&quot;forestry.saplingsAverage&quot;,UID0:&quot;forestry.saplingsAverage&quot;,Slot:3b},4:{UID1:&quot;forestry.fruitApple&quot;,UID0:&quot;forestry.fruitApple&quot;,Slot:4b},5:{UID1:&quot;forestry.yieldLowest&quot;,UID0:&quot;forestry.yieldLowest&quot;,Slot:5b},6:{UID1:&quot;forestry.plantTypeNone&quot;,UID0:&quot;forestry.plantTypeNone&quot;,Slot:6b},7:{UID1:&quot;forestry.sappinessLowest&quot;,UID0:&quot;forestry.sappinessLowest&quot;,Slot:7b},8:{UID1:&quot;forestry.territoryAverage&quot;,UID0:&quot;forestry.territoryAverage&quot;,Slot:8b},9:{UID1:&quot;forestry.leavesNone&quot;,UID0:&quot;forestry.leavesNone&quot;,Slot:9b},10:{UID1:&quot;forestry.maturationFaster&quot;,UID0:&quot;forestry.maturationFaster&quot;,Slot:10b},11:{UID1:&quot;forestry.i1d&quot;,UID0:&quot;forestry.i1d&quot;,Slot:11b},12:{UID1:&quot;forestry.fireproofFalse&quot;,UID0:&quot;forestry.fireproofFalse&quot;,Slot:12b}]}}" weight="6" count_min="2" count_max="3"/>
    <loot item="Forestry:sapling" damage="0" nbt="{IsAnalyzed:0b,Genome:{Chromosomes:[0:{UID1:&quot;forestry.treeSpruce&quot;,UID0:&quot;forestry.treeSpruce&quot;,Slot:0b},1:{UID1:&quot;forestry.growthLightlevel&quot;,UID0:&quot;forestry.growthLightlevel&quot;,Slot:1b},2:{UID1:&quot;forestry.heightAverage&quot;,UID0:&quot;forestry.heightAverage&quot;,Slot:2b},3:{UID1:&quot;forestry.saplingsAverage&quot;,UID0:&quot;forestry.saplingsAverage&quot;,Slot:3b},4:{UID1:&quot;forestry.fruitNone&quot;,UID0:&quot;forestry.fruitNone&quot;,Slot:4b},5:{UID1:&quot;forestry.yieldLowest&quot;,UID0:&quot;forestry.yieldLowest&quot;,Slot:5b},6:{UID1:&quot;forestry.plantTypeNone&quot;,UID0:&quot;forestry.plantTypeNone&quot;,Slot:6b},7:{UID1:&quot;forestry.sappinessLowest&quot;,UID0:&quot;forestry.sappinessLowest&quot;,Slot:7b},8:{UID1:&quot;forestry.territoryAverage&quot;,UID0:&quot;forestry.territoryAverage&quot;,Slot:8b},9:{UID1:&quot;forestry.leavesNone&quot;,UID0:&quot;forestry.leavesNone&quot;,Slot:9b},10:{UID1:&quot;forestry.maturationFaster&quot;,UID0:&quot;forestry.maturationFaster&quot;,Slot:10b},11:{UID1:&quot;forestry.i1d&quot;,UID0:&quot;forestry.i1d&quot;,Slot:11b},12:{UID1:&quot;forestry.fireproofFalse&quot;,UID0:&quot;forestry.fireproofFalse&quot;,Slot:12b}]}}" weight="6" count_min="2" count_max="3"/>
    <loot item="Forestry:sapling" damage="0" nbt="{IsAnalyzed:0b,Genome:{Chromosomes:[0:{UID1:&quot;forestry.treeBirch&quot;,UID0:&quot;forestry.treeBirch&quot;,Slot:0b},1:{UID1:&quot;forestry.growthLightlevel&quot;,UID0:&quot;forestry.growthLightlevel&quot;,Slot:1b},2:{UID1:&quot;forestry.heightSmall&quot;,UID0:&quot;forestry.heightSmall&quot;,Slot:2b},3:{UID1:&quot;forestry.saplingsAverage&quot;,UID0:&quot;forestry.saplingsAverage&quot;,Slot:3b},4:{UID1:&quot;forestry.fruitNone&quot;,UID0:&quot;forestry.fruitNone&quot;,Slot:4b},5:{UID1:&quot;forestry.yieldLowest&quot;,UID0:&quot;forestry.yieldLowest&quot;,Slot:5b},6:{UID1:&quot;forestry.plantTypeNone&quot;,UID0:&quot;forestry.plantTypeNone&quot;,Slot:6b},7:{UID1:&quot;forestry.sappinessLowest&quot;,UID0:&quot;forestry.sappinessLowest&quot;,Slot:7b},8:{UID1:&quot;forestry.territoryAverage&quot;,UID0:&quot;forestry.territoryAverage&quot;,Slot:8b},9:{UID1:&quot;forestry.leavesNone&quot;,UID0:&quot;forestry.leavesNone&quot;,Slot:9b},10:{UID1:&quot;forestry.maturationFaster&quot;,UID0:&quot;forestry.maturationFaster&quot;,Slot:10b},11:{UID1:&quot;forestry.i1d&quot;,UID0:&quot;forestry.i1d&quot;,Slot:11b},12:{UID1:&quot;forestry.fireproofFalse&quot;,UID0:&quot;forestry.fireproofFalse&quot;,Slot:12b}]}}" weight="6" count_min="2" count_max="3"/>
    <loot item="Forestry:sapling" damage="0" nbt="{IsAnalyzed:0b,Genome:{Chromosomes:[0:{UID1:&quot;forestry.treeLarch&quot;,UID0:&quot;forestry.treeLarch&quot;,Slot:0b},1:{UID1:&quot;forestry.growthLightlevel&quot;,UID0:&quot;forestry.growthLightlevel&quot;,Slot:1b},2:{UID1:&quot;forestry.heightAverage&quot;,UID0:&quot;forestry.heightAverage&quot;,Slot:2b},3:{UID1:&quot;forestry.saplingsLow&quot;,UID0:&quot;forestry.saplingsLow&quot;,Slot:3b},4:{UID1:&quot;forestry.fruitNone&quot;,UID0:&quot;forestry.fruitNone&quot;,Slot:4b},5:{UID1:&quot;forestry.yieldLowest&quot;,UID0:&quot;forestry.yieldLowest&quot;,Slot:5b},6:{UID1:&quot;forestry.plantTypeNone&quot;,UID0:&quot;forestry.plantTypeNone&quot;,Slot:6b},7:{UID1:&quot;forestry.sappinessLower&quot;,UID0:&quot;forestry.sappinessLower&quot;,Slot:7b},8:{UID1:&quot;forestry.territoryAverage&quot;,UID0:&quot;forestry.territoryAverage&quot;,Slot:8b},9:{UID1:&quot;forestry.leavesNone&quot;,UID0:&quot;forestry.leavesNone&quot;,Slot:9b},10:{UID1:&quot;forestry.maturationAverage&quot;,UID0:&quot;forestry.maturationAverage&quot;,Slot:10b},11:{UID1:&quot;forestry.i1d&quot;,UID0:&quot;forestry.i1d&quot;,Slot:11b},12:{UID1:&quot;forestry.fireproofFalse&quot;,UID0:&quot;forestry.fireproofFalse&quot;,Slot:12b}]}}" weight="4" count_min="1" count_max="2"/>
    <loot item="Forestry:sapling" damage="0" nbt="{IsAnalyzed:0b,Genome:{Chromosomes:[0:{UID1:&quot;forestry.treeLime&quot;,UID0:&quot;forestry.treeLime&quot;,Slot:0b},1:{UID1:&quot;forestry.growthLightlevel&quot;,UID0:&quot;forestry.growthLightlevel&quot;,Slot:1b},2:{UID1:&quot;forestry.heightSmall&quot;,UID0:&quot;forestry.heightSmall&quot;,Slot:2b},3:{UID1:&quot;forestry.saplingsLow&quot;,UID0:&quot;forestry.saplingsLow&quot;,Slot:3b},4:{UID1:&quot;forestry.fruitNone&quot;,UID0:&quot;forestry.fruitNone&quot;,Slot:4b},5:{UID1:&quot;forestry.yieldLower&quot;,UID0:&quot;forestry.yieldLower&quot;,Slot:5b},6:{UID1:&quot;forestry.plantTypeNone&quot;,UID0:&quot;forestry.plantTypeNone&quot;,Slot:6b},7:{UID1:&quot;forestry.sappinessLower&quot;,UID0:&quot;forestry.sappinessLower&quot;,Slot:7b},8:{UID1:&quot;forestry.territoryAverage&quot;,UID0:&quot;forestry.territoryAverage&quot;,Slot:8b},9:{UID1:&quot;forestry.leavesNone&quot;,UID0:&quot;forestry.leavesNone&quot;,Slot:9b},10:{UID1:&quot;forestry.maturationAverage&quot;,UID0:&quot;forestry.maturationAverage&quot;,Slot:10b},11:{UID1:&quot;forestry.i1d&quot;,UID0:&quot;forestry.i1d&quot;,Slot:11b},12:{UID1:&quot;forestry.fireproofFalse&quot;,UID0:&quot;forestry.fireproofFalse&quot;,Slot:12b}]}}" weight="4" count_min="1" count_max="2"/>
    <loot item="Forestry:pollenFertile" damage="0" nbt="{IsAnalyzed:0b,Genome:{Chromosomes:[0:{UID1:&quot;forestry.treeOak&quot;,UID0:&quot;forestry.treeOak&quot;,Slot:0b},1:{UID1:&quot;forestry.growthLightlevel&quot;,UID0:&quot;forestry.growthLightlevel&quot;,Slot:1b},2:{UID1:&quot;forestry.heightSmall&quot;,UID0:&quot;forestry.heightSmall&quot;,Slot:2b},3:{UID1:&quot;forestry.saplingsAverage&quot;,UID0:&quot;forestry.saplingsAverage&quot;,Slot:3b},4:{UID1:&quot;forestry.fruitApple&quot;,UID0:&quot;forestry.fruitApple&quot;,Slot:4b},5:{UID1:&quot;forestry.yieldLowest&quot;,UID0:&quot;forestry.yieldLowest&quot;,Slot:5b},6:{UID1:&quot;forestry.plantTypeNone&quot;,UID0:&quot;forestry.plantTypeNone&quot;,Slot:6b},7:{UID1:&quot;forestry.sappinessLowest&quot;,UID0:&quot;forestry.sappinessLowest&quot;,Slot:7b},8:{UID1:&quot;forestry.territoryAverage&quot;,UID0:&quot;forestry.territoryAverage&quot;,Slot:8b},9:{UID1:&quot;forestry.leavesNone&quot;,UID0:&quot;forestry.leavesNone&quot;,Slot:9b},10:{UID1:&quot;forestry.maturationFaster&quot;,UID0:&quot;forestry.maturationFaster&quot;,Slot:10b},11:{UID1:&quot;forestry.i1d&quot;,UID0:&quot;forestry.i1d&quot;,Slot:11b},12:{UID1:&quot;forestry.fireproofFalse&quot;,UID0:&quot;forestry.fireproofFalse&quot;,Slot:12b}]}}" weight="4" count_min="2" count_max="3"/>
    <loot item="Forestry:pollenFertile" damage="0" nbt="{IsAnalyzed:0b,Genome:{Chromosomes:[0:{UID1:&quot;forestry.treeSpruce&quot;,UID0:&quot;forestry.treeSpruce&quot;,Slot:0b},1:{UID1:&quot;forestry.growthLightlevel&quot;,UID0:&quot;forestry.growthLightlevel&quot;,Slot:1b},2:{UID1:&quot;forestry.heightAverage&quot;,UID0:&quot;forestry.heightAverage&quot;,Slot:2b},3:{UID1:&quot;forestry.saplingsAverage&quot;,UID0:&quot;forestry.saplingsAverage&quot;,Slot:3b},4:{UID1:&quot;forestry.fruitNone&quot;,UID0:&quot;forestry.fruitNone&quot;,Slot:4b},5:{UID1:&quot;forestry.yieldLowest&quot;,UID0:&quot;forestry.yieldLowest&quot;,Slot:5b},6:{UID1:&quot;forestry.plantTypeNone&quot;,UID0:&quot;forestry.plantTypeNone&quot;,Slot:6b},7:{UID1:&quot;forestry.sappinessLowest&quot;,UID0:&quot;forestry.sappinessLowest&quot;,Slot:7b},8:{UID1:&quot;forestry.territoryAverage&quot;,UID0:&quot;forestry.territoryAverage&quot;,Slot:8b},9:{UID1:&quot;forestry.leavesNone&quot;,UID0:&quot;forestry.leavesNone&quot;,Slot:9b},10:{UID1:&quot;forestry.maturationFaster&quot;,UID0:&quot;forestry.maturationFaster&quot;,Slot:10b},11:{UID1:&quot;forestry.i1d&quot;,UID0:&quot;forestry.i1d&quot;,Slot:11b},12:{UID1:&quot;forestry.fireproofFalse&quot;,UID0:&quot;forestry.fireproofFalse&quot;,Slot:12b}]}}" weight="4" count_min="2" count_max="3"/>
    <loot item="Forestry:pollenFertile" damage="0" nbt="{IsAnalyzed:0b,Genome:{Chromosomes:[0:{UID1:&quot;forestry.treeBirch&quot;,UID0:&quot;forestry.treeBirch&quot;,Slot:0b},1:{UID1:&quot;forestry.growthLightlevel&quot;,UID0:&quot;forestry.growthLightlevel&quot;,Slot:1b},2:{UID1:&quot;forestry.heightSmall&quot;,UID0:&quot;forestry.heightSmall&quot;,Slot:2b},3:{UID1:&quot;forestry.saplingsAverage&quot;,UID0:&quot;forestry.saplingsAverage&quot;,Slot:3b},4:{UID1:&quot;forestry.fruitNone&quot;,UID0:&quot;forestry.fruitNone&quot;,Slot:4b},5:{UID1:&quot;forestry.yieldLowest&quot;,UID0:&quot;forestry.yieldLowest&quot;,Slot:5b},6:{UID1:&quot;forestry.plantTypeNone&quot;,UID0:&quot;forestry.plantTypeNone&quot;,Slot:6b},7:{UID1:&quot;forestry.sappinessLowest&quot;,UID0:&quot;forestry.sappinessLowest&quot;,Slot:7b},8:{UID1:&quot;forestry.territoryAverage&quot;,UID0:&quot;forestry.territoryAverage&quot;,Slot:8b},9:{UID1:&quot;forestry.leavesNone&quot;,UID0:&quot;forestry.leavesNone&quot;,Slot:9b},10:{UID1:&quot;forestry.maturationFaster&quot;,UID0:&quot;forestry.maturationFaster&quot;,Slot:10b},11:{UID1:&quot;forestry.i1d&quot;,UID0:&quot;forestry.i1d&quot;,Slot:11b},12:{UID1:&quot;forestry.fireproofFalse&quot;,UID0:&quot;forestry.fireproofFalse&quot;,Slot:12b}]}}" weight="4" count_min="2" count_max="3"/>
    <loot item="Forestry:pollenFertile" damage="0" nbt="{IsAnalyzed:0b,Genome:{Chromosomes:[0:{UID1:&quot;forestry.treeLarch&quot;,UID0:&quot;forestry.treeLarch&quot;,Slot:0b},1:{UID1:&quot;forestry.growthLightlevel&quot;,UID0:&quot;forestry.growthLightlevel&quot;,Slot:1b},2:{UID1:&quot;forestry.heightAverage&quot;,UID0:&quot;forestry.heightAverage&quot;,Slot:2b},3:{UID1:&quot;forestry.saplingsLow&quot;,UID0:&quot;forestry.saplingsLow&quot;,Slot:3b},4:{UID1:&quot;forestry.fruitNone&quot;,UID0:&quot;forestry.fruitNone&quot;,Slot:4b},5:{UID1:&quot;forestry.yieldLowest&quot;,UID0:&quot;forestry.yieldLowest&quot;,Slot:5b},6:{UID1:&quot;forestry.plantTypeNone&quot;,UID0:&quot;forestry.plantTypeNone&quot;,Slot:6b},7:{UID1:&quot;forestry.sappinessLower&quot;,UID0:&quot;forestry.sappinessLower&quot;,Slot:7b},8:{UID1:&quot;forestry.territoryAverage&quot;,UID0:&quot;forestry.territoryAverage&quot;,Slot:8b},9:{UID1:&quot;forestry.leavesNone&quot;,UID0:&quot;forestry.leavesNone&quot;,Slot:9b},10:{UID1:&quot;forestry.maturationAverage&quot;,UID0:&quot;forestry.maturationAverage&quot;,Slot:10b},11:{UID1:&quot;forestry.i1d&quot;,UID0:&quot;forestry.i1d&quot;,Slot:11b},12:{UID1:&quot;forestry.fireproofFalse&quot;,UID0:&quot;forestry.fireproofFalse&quot;,Slot:12b}]}}" weight="3" count_min="1" count_max="2"/>
    <loot item="Forestry:pollenFertile" damage="0" nbt="{IsAnalyzed:0b,Genome:{Chromosomes:[0:{UID1:&quot;forestry.treeLime&quot;,UID0:&quot;forestry.treeLime&quot;,Slot:0b},1:{UID1:&quot;forestry.growthLightlevel&quot;,UID0:&quot;forestry.growthLightlevel&quot;,Slot:1b},2:{UID1:&quot;forestry.heightSmall&quot;,UID0:&quot;forestry.heightSmall&quot;,Slot:2b},3:{UID1:&quot;forestry.saplingsLow&quot;,UID0:&quot;forestry.saplingsLow&quot;,Slot:3b},4:{UID1:&quot;forestry.fruitNone&quot;,UID0:&quot;forestry.fruitNone&quot;,Slot:4b},5:{UID1:&quot;forestry.yieldLower&quot;,UID0:&quot;forestry.yieldLower&quot;,Slot:5b},6:{UID1:&quot;forestry.plantTypeNone&quot;,UID0:&quot;forestry.plantTypeNone&quot;,Slot:6b},7:{UID1:&quot;forestry.sappinessLower&quot;,UID0:&quot;forestry.sappinessLower&quot;,Slot:7b},8:{UID1:&quot;forestry.territoryAverage&quot;,UID0:&quot;forestry.territoryAverage&quot;,Slot:8b},9:{UID1:&quot;forestry.leavesNone&quot;,UID0:&quot;forestry.leavesNone&quot;,Slot:9b},10:{UID1:&quot;forestry.maturationAverage&quot;,UID0:&quot;forestry.maturationAverage&quot;,Slot:10b},11:{UID1:&quot;forestry.i1d&quot;,UID0:&quot;forestry.i1d&quot;,Slot:11b},12:{UID1:&quot;forestry.fireproofFalse&quot;,UID0:&quot;forestry.fireproofFalse&quot;,Slot:12b}]}}" weight="3" count_min="1" count_max="2"/>
</LootGroup>
