<?xml version="1.0" encoding="UTF-8" standalone="yes"?>
<LootGroup category="strongholdLibrary" loading_mode="OVERRIDE" count_min="1" count_max="5">
    <loot item="minecraft:book" damage="0" weight="20" count_min="1" count_max="3"/>
    <loot item="minecraft:paper" damage="0" weight="20" count_min="2" count_max="7"/>
    <loot item="minecraft:map" damage="0" weight="1" count_min="1" count_max="1"/>
    <loot item="minecraft:compass" damage="0" weight="1" count_min="1" count_max="1"/>
    <loot item="minecraft:enchanted_book" damage="0" weight="2" count_min="1" count_max="5"/>
	<loot item="minecraft:blaze_rod" damage="0" weight="5" count_min="1" count_max="3"/>
    <loot item="MagicBees:frameOblivion" damage="0" weight="23" count_min="1" count_max="3"/>
    <loot item="miscutils:frameVoid" damage="0" weight="23" count_min="1" count_max="3"/>
    <loot item="HardcoreEnderExpansion:adventurers_diary" damage="0" weight="8" count_min="1" count_max="1"/>
    <loot item="HardcoreEnderExpansion:temple_caller" damage="0" weight="1" count_min="1" count_max="1"/>
    <loot item="HardcoreEnderExpansion:knowledge_note" damage="0" nbt="{pts:40b}" weight="6" count_min="1" count_max="1"/>
	<loot item="HardcoreEnderExpansion:knowledge_note" damage="0" nbt="{pts:30b}" weight="12" count_min="1" count_max="1"/>
	<loot item="HardcoreEnderExpansion:knowledge_note" damage="0" nbt="{pts:20b}" weight="18" count_min="1" count_max="1"/>
	<loot item="HardcoreEnderExpansion:knowledge_note" damage="0" nbt="{pts:10b}" weight="24" count_min="1" count_max="1"/>
    <loot item="OpenComputers:item" damage="4" weight="5" count_min="1" count_max="1"/>
    <loot item="Thaumcraft:ItemLootBag" damage="0" weight="4" count_min="1" count_max="3"/>
    <loot item="Thaumcraft:ItemResource" damage="2" weight="4" count_min="1" count_max="3"/>
    <loot item="Thaumcraft:ItemResource" damage="6" weight="4" count_min="1" count_max="3"/>
    <loot item="Thaumcraft:ItemLootBag" damage="1" weight="3" count_min="1" count_max="2"/>
    <loot item="Thaumcraft:ItemBaubleBlanks" damage="0" weight="3" count_min="1" count_max="2"/>
    <loot item="Thaumcraft:ItemBaubleBlanks" damage="1" weight="3" count_min="1" count_max="2"/>
    <loot item="Thaumcraft:ItemBaubleBlanks" damage="2" weight="3" count_min="1" count_max="2"/>
    <loot item="Thaumcraft:ItemResource" damage="9" weight="3" count_min="1" count_max="2"/>
    <loot item="Thaumcraft:ItemResource" damage="9" weight="20" count_min="3" count_max="6"/>
    <loot item="Thaumcraft:ItemLootBag" damage="2" weight="1" count_min="1" count_max="1"/>
    <loot item="Thaumcraft:ItemThaumonomicon" damage="0" weight="1" count_min="1" count_max="1"/>
    <loot item="Thaumcraft:ItemSwordThaumium" damage="0" weight="1" count_min="1" count_max="1"/>
    <loot item="Thaumcraft:ItemPickThaumium" damage="0" weight="1" count_min="1" count_max="1"/>
    <loot item="Thaumcraft:ItemAxeThaumium" damage="0" weight="1" count_min="1" count_max="1"/>
    <loot item="Thaumcraft:ItemHoeThaumium" damage="0" weight="1" count_min="1" count_max="1"/>
    <loot item="Thaumcraft:ItemRingRunic" damage="0" weight="1" count_min="1" count_max="1"/>
    <loot item="Thaumcraft:ItemBaubleBlanks" damage="3" weight="1" count_min="1" count_max="1"/>
    <loot item="Thaumcraft:ItemBaubleBlanks" damage="4" weight="1" count_min="1" count_max="1"/>
    <loot item="Thaumcraft:ItemBaubleBlanks" damage="5" weight="1" count_min="1" count_max="1"/>
    <loot item="Thaumcraft:ItemBaubleBlanks" damage="6" weight="1" count_min="1" count_max="1"/>
    <loot item="Thaumcraft:ItemBaubleBlanks" damage="7" weight="1" count_min="1" count_max="1"/>
    <loot item="Thaumcraft:ItemBaubleBlanks" damage="8" weight="1" count_min="1" count_max="1"/>
    <loot item="Thaumcraft:ItemAmuletVis" damage="0" nbt="{aqua:100,terra:100,ignis:300,ordo:200,perditio:200,aer:400}" weight="1" count_min="1" count_max="1"/>
	<loot item="Thaumcraft:blockCustomPlant" damage="2" weight="4" count_min="1" count_max="3"/>
	<loot item="Thaumcraft:blockCustomPlant" damage="3" weight="4" count_min="1" count_max="3"/>
    <loot item="Automagy:baubleEnderDisjunction" damage="1" weight="1" count_min="1" count_max="1"/>
    <loot item="Automagy:phialExtra" damage="0" weight="3" count_min="1" count_max="3"/>
    <loot item="IguanaTweaksTConstruct:wearableBucket" damage="3" weight="1" count_min="0" count_max="1"/>
</LootGroup>
