<?xml version="1.0" encoding="UTF-8" standalone="yes"?>
<LootGroup category="strongholdCorridor" loading_mode="OVERRIDE" count_min="2" count_max="4">
    <loot item="minecraft:ender_pearl" damage="0" weight="10" count_min="1" count_max="1"/>
    <loot item="minecraft:diamond" damage="0" weight="3" count_min="1" count_max="3"/>
    <loot item="minecraft:iron_ingot" damage="0" weight="10" count_min="1" count_max="5"/>
    <loot item="minecraft:gold_ingot" damage="0" weight="5" count_min="1" count_max="3"/>
    <loot item="minecraft:redstone" damage="0" weight="5" count_min="4" count_max="9"/>
    <loot item="minecraft:bread" damage="0" weight="15" count_min="1" count_max="3"/>
    <loot item="minecraft:apple" damage="0" weight="15" count_min="1" count_max="3"/>
    <loot item="minecraft:iron_pickaxe" damage="0" weight="5" count_min="1" count_max="1"/>
    <loot item="minecraft:iron_sword" damage="0" weight="5" count_min="1" count_max="1"/>
    <loot item="minecraft:iron_chestplate" damage="0" weight="5" count_min="1" count_max="1"/>
    <loot item="minecraft:iron_helmet" damage="0" weight="5" count_min="1" count_max="1"/>
    <loot item="minecraft:iron_leggings" damage="0" weight="5" count_min="1" count_max="1"/>
    <loot item="minecraft:iron_boots" damage="0" weight="5" count_min="1" count_max="1"/>
	<loot item="minecraft:chainmail_helmet" damage="0" weight="2" count_min="1" count_max="1"/>
	<loot item="minecraft:chainmail_leggings" damage="0" weight="2" count_min="1" count_max="1"/>
	<loot item="minecraft:chainmail_boots" damage="0" weight="2" count_min="1" count_max="1"/>
	<loot item="minecraft:chainmail_chestplate" damage="0" weight="2" count_min="1" count_max="1"/>
    <loot item="minecraft:golden_apple" damage="0" weight="1" count_min="1" count_max="1"/>
    <loot item="minecraft:saddle" damage="0" weight="1" count_min="1" count_max="1"/>
    <loot item="minecraft:iron_horse_armor" damage="0" weight="1" count_min="1" count_max="1"/>
    <loot item="minecraft:golden_horse_armor" damage="0" weight="1" count_min="1" count_max="1"/>
    <loot item="minecraft:diamond_horse_armor" damage="0" weight="1" count_min="1" count_max="1"/>
    <loot item="minecraft:enchanted_book" damage="0" weight="1" count_min="1" count_max="1"/>
    <loot item="IC2:itemToolBronzeSword" damage="0" weight="3" count_min="1" count_max="1"/>
    <loot item="IC2:itemArmorBronzeHelmet" damage="0" weight="3" count_min="1" count_max="1"/>
    <loot item="IC2:itemArmorBronzeChestplate" damage="0" weight="3" count_min="1" count_max="1"/>
    <loot item="IC2:itemArmorBronzeLegs" damage="0" weight="3" count_min="1" count_max="1"/>
    <loot item="IC2:itemArmorBronzeBoots" damage="0" weight="3" count_min="1" count_max="1"/>
	<loot item="minecraft:diamond_helmet" damage="0" weight="1" count_min="1" count_max="1"/>
	<loot item="minecraft:diamond_chestplate" damage="0" weight="1" count_min="1" count_max="1"/>
	<loot item="minecraft:diamond_leggings" damage="0" weight="1" count_min="1" count_max="1"/>
	<loot item="minecraft:diamond_boots" damage="0" weight="1" count_min="1" count_max="1"/>
    <loot item="BiomesOPlenty:flowers" damage="3" weight="25" count_min="1" count_max="4"/>
    <loot item="BiomesOPlenty:flowers" damage="2" weight="25" count_min="1" count_max="4"/>
    <loot item="Railcraft:tool.steel.sword" damage="0" weight="5" count_min="1" count_max="1"/>
    <loot item="Railcraft:armor.steel.helmet" damage="0" weight="5" count_min="1" count_max="1"/>
    <loot item="Railcraft:armor.steel.plate" damage="0" weight="5" count_min="1" count_max="1"/>
    <loot item="Railcraft:armor.steel.legs" damage="0" weight="5" count_min="1" count_max="1"/>
    <loot item="Railcraft:armor.steel.boots" damage="0" weight="5" count_min="1" count_max="1"/>
    <loot item="MagicBees:frameOblivion" damage="0" weight="18" count_min="1" count_max="1"/>
    <loot item="HardcoreEnderExpansion:adventurers_diary" damage="0" weight="5" count_min="1" count_max="1"/>
    <loot item="HardcoreEnderExpansion:temple_caller" damage="0" weight="1" count_min="0" count_max="1"/>
    <loot item="HardcoreEnderExpansion:knowledge_note" damage="0" nbt="{pts:40b}" weight="5" count_min="1" count_max="1"/>
	<loot item="HardcoreEnderExpansion:knowledge_note" damage="0" nbt="{pts:30b}" weight="9" count_min="1" count_max="1"/>
	<loot item="HardcoreEnderExpansion:knowledge_note" damage="0" nbt="{pts:20b}" weight="14" count_min="1" count_max="1"/>
	<loot item="HardcoreEnderExpansion:knowledge_note" damage="0" nbt="{pts:10b}" weight="18" count_min="1" count_max="1"/>
    <loot item="openmodularturrets:disposeItemTurret" damage="0" weight="15" count_min="1" count_max="2"/>
    <loot item="openmodularturrets:baseTierWood" damage="0" weight="15" count_min="1" count_max="1"/>
    <loot item="openmodularturrets:leverBlock" damage="0" weight="15" count_min="1" count_max="1"/>
    <loot item="Thaumcraft:ItemLootBag" damage="0" weight="4" count_min="1" count_max="3"/>
    <loot item="Thaumcraft:ItemResource" damage="2" weight="4" count_min="1" count_max="3"/>
    <loot item="Thaumcraft:ItemResource" damage="6" weight="4" count_min="1" count_max="3"/>
    <loot item="Thaumcraft:ItemLootBag" damage="1" weight="3" count_min="1" count_max="2"/>
    <loot item="Thaumcraft:ItemBaubleBlanks" damage="0" weight="3" count_min="1" count_max="2"/>
    <loot item="Thaumcraft:ItemBaubleBlanks" damage="1" weight="3" count_min="1" count_max="2"/>
    <loot item="Thaumcraft:ItemBaubleBlanks" damage="2" weight="3" count_min="1" count_max="2"/>
    <loot item="Thaumcraft:ItemResource" damage="9" weight="3" count_min="1" count_max="2"/>
    <loot item="Thaumcraft:ItemLootBag" damage="2" weight="1" count_min="1" count_max="1"/>
    <loot item="Thaumcraft:ItemThaumonomicon" damage="0" weight="1" count_min="1" count_max="1"/>
    <loot item="Thaumcraft:ItemSwordThaumium" damage="0" weight="1" count_min="1" count_max="1"/>
    <loot item="Thaumcraft:ItemPickThaumium" damage="0" weight="1" count_min="1" count_max="1"/>
    <loot item="Thaumcraft:ItemAxeThaumium" damage="0" weight="1" count_min="1" count_max="1"/>
    <loot item="Thaumcraft:ItemHoeThaumium" damage="0" weight="1" count_min="1" count_max="1"/>
    <loot item="Thaumcraft:ItemRingRunic" damage="0" weight="1" count_min="1" count_max="1"/>
    <loot item="Thaumcraft:ItemBaubleBlanks" damage="3" weight="1" count_min="1" count_max="1"/>
    <loot item="Thaumcraft:ItemBaubleBlanks" damage="4" weight="1" count_min="1" count_max="1"/>
    <loot item="Thaumcraft:ItemBaubleBlanks" damage="5" weight="1" count_min="1" count_max="1"/>
    <loot item="Thaumcraft:ItemBaubleBlanks" damage="6" weight="1" count_min="1" count_max="1"/>
    <loot item="Thaumcraft:ItemBaubleBlanks" damage="7" weight="1" count_min="1" count_max="1"/>
    <loot item="Thaumcraft:ItemBaubleBlanks" damage="8" weight="1" count_min="1" count_max="1"/>
    <loot item="Thaumcraft:ItemAmuletVis" damage="0" nbt="{aqua:100,terra:100,ignis:300,ordo:200,perditio:200,aer:400}" weight="1" count_min="1" count_max="1"/>
    <loot item="Automagy:baubleEnderDisjunction" damage="1" weight="1" count_min="1" count_max="1"/>
    <loot item="Automagy:phialExtra" damage="0" weight="3" count_min="1" count_max="3"/>
    <loot item="ExtraUtilities:divisionSigil" damage="0" weight="4" count_min="1" count_max="1"/>
    <loot item="gregtech:gt.metaitem.02" damage="335" weight="6" count_min="1" count_max="4"/>
    <loot item="gregtech:gt.metaitem.02" damage="3335" weight="6" count_min="1" count_max="4"/>
    <loot item="gregtech:gt.metaitem.02" damage="25335" weight="6" count_min="16" count_max="48"/>
    <loot item="gregtech:gt.metaitem.02" damage="25350" weight="6" count_min="8" count_max="24"/>
	<loot item="gregtech:gt.metaitem.01" damage="11035" weight="9" count_min="2" count_max="6"/>
	<loot item="gregtech:gt.metaitem.01" damage="11057" weight="8" count_min="4" count_max="16"/>
	<loot item="gregtech:gt.metaitem.01" damage="11089" weight="10" count_min="2" count_max="6"/>
	<loot item="gregtech:gt.metaitem.01" damage="11054" weight="8" count_min="2" count_max="4"/>
	<loot item="gregtech:gt.metaitem.01" damage="11018" weight="10" count_min="2" count_max="8"/>
	<loot item="gregtech:gt.metaitem.01" damage="11019" weight="1" count_min="0" count_max="1"/>
	<loot item="gregtech:gt.metaitem.01" damage="11031" weight="3" count_min="1" count_max="2"/>
	<loot item="gregtech:gt.metaitem.01" damage="11034" weight="5" count_min="2" count_max="3"/>
	<loot item="gregtech:gt.metaitem.01" damage="11033" weight="1" count_min="1" count_max="1"/>
	<loot item="gregtech:gt.metaitem.01" damage="11036" weight="4" count_min="1" count_max="3"/>
	<loot item="gregtech:gt.metaitem.01" damage="11048" weight="3" count_min="1" count_max="3"/>
	<loot item="gregtech:gt.metaitem.01" damage="11058" weight="2" count_min="1" count_max="2"/>
	<loot item="gregtech:gt.metaitem.01" damage="11302" weight="3" count_min="1" count_max="3"/>
	<loot item="gregtech:gt.metaitem.01" damage="11303" weight="1" count_min="1" count_max="1"/>
	<loot item="gregtech:gt.metaitem.01" damage="11304" weight="7" count_min="2" count_max="6"/>
	<loot item="gregtech:gt.metaitem.01" damage="11306" weight="1" count_min="0" count_max="1"/>
	<loot item="gregtech:gt.metaitem.01" damage="11307" weight="2" count_min="1" count_max="2"/>
	<loot item="gregtech:gt.metaitem.01" damage="11308" weight="4" count_min="1" count_max="2"/>
	<loot item="gregtech:gt.metaitem.01" damage="11310" weight="1" count_min="1" count_max="1"/>
	<loot item="gregtech:gt.metaitem.01" damage="11343" weight="1" count_min="1" count_max="2"/>
	<loot item="gregtech:gt.metaitem.01" damage="11354" weight="4" count_min="2" count_max="3"/>
	<loot item="gregtech:gt.metaitem.01" damage="11365" weight="2" count_min="1" count_max="2"/>
	<loot item="gregtech:gt.metaitem.01" damage="11382" weight="1" count_min="1" count_max="2"/>
</LootGroup>
