<?xml version="1.0" encoding="UTF-8" standalone="yes"?>
<CustomToolTips>
//Misc
	<ToolTip ItemName="appliedenergistics2:tile.BlockDrive" ToolTip="§4Do not move chests with AE drives; It may corrupt your profile. No refunds!"/>
	<ToolTip ItemName="cb4bq:BlockREB" ToolTip="§4This block will RESET ALL YOUR QUESTS, starting over from Tier 0. Do NOT build or use unless you really mean it!"/> 
	<ToolTip ItemName="EnderIO:blockFusedQuartz" ToolTip="§4Blast resistance is now 20. DOES NOT PROTECT AGAINST NUKES!"/>
	<ToolTip ItemName="ExtraUtilities:endConstructor" ToolTip="§3Now: Quite Expensive Device"/>
	<ToolTip ItemName="ExtraUtilities:dark_portal" ToolTip="§3Riches beyond your imagination"/>
	<ToolTip ItemName="ExtraUtilities:enderCollector" ToolTip="§4Warning: When broken, the powerful ender collector may vanish in an attempt to collect itself!...and take nearby items with it!"/>
	<ToolTip ItemName="GalaxySpace:item.JetPack" ToolTip="§4Disabled Item; No recipe"/>
	<ToolTip ItemName="GalaxySpace:item.JetPack:100" ToolTip="§4Disabled Item; No recipe"/>
	<ToolTip ItemName="GregsLighting:ic2ElectricFloodlight" ToolTip="§4Maximum voltage in: 32 EU/t"/>
	<ToolTip ItemName="IguanaTweaksTConstruct:clayBucketLava" ToolTip="§4You need Gloves for it?"/>
	<ToolTip ItemName="minecraft:lava_bucket" ToolTip="§4You need Gloves for it?"/>
	<ToolTip ItemName="RIO:item.chip.upgrade:2" ToolTip="§4Disabled Item; No recipe"/>
	<ToolTip ItemName="Thaumcraft:ItemManaBean" ToolTip="§4left click disabled"/>
	<ToolTip ItemName="Thaumcraft:WandCasting:36" ToolTip="§4Prolonged use is not recommended..."/>
	
//Bags
	<ToolTip ItemName="Backpack:backpack" ToolTip="4*9 Inventory - 36 Slots"/>
	<ToolTip ItemName="Backpack:backpack:1" ToolTip="4*9 Inventory - 36 Slots"/>
	<ToolTip ItemName="Backpack:backpack:2" ToolTip="4*9 Inventory - 36 Slots"/>
	<ToolTip ItemName="Backpack:backpack:3" ToolTip="4*9 Inventory - 36 Slots"/>
	<ToolTip ItemName="Backpack:backpack:4" ToolTip="4*9 Inventory - 36 Slots"/>
	<ToolTip ItemName="Backpack:backpack:5" ToolTip="4*9 Inventory - 36 Slots"/>
	<ToolTip ItemName="Backpack:backpack:6" ToolTip="4*9 Inventory - 36 Slots"/>
	<ToolTip ItemName="Backpack:backpack:7" ToolTip="4*9 Inventory - 36 Slots"/>
	<ToolTip ItemName="Backpack:backpack:8" ToolTip="4*9 Inventory - 36 Slots"/>
	<ToolTip ItemName="Backpack:backpack:9" ToolTip="4*9 Inventory - 36 Slots"/>
	<ToolTip ItemName="Backpack:backpack:10" ToolTip="4*9 Inventory - 36 Slots"/>
	<ToolTip ItemName="Backpack:backpack:11" ToolTip="4*9 Inventory - 36 Slots"/>
	<ToolTip ItemName="Backpack:backpack:12" ToolTip="4*9 Inventory - 36 Slots"/>
	<ToolTip ItemName="Backpack:backpack:13" ToolTip="4*9 Inventory - 36 Slots"/>
	<ToolTip ItemName="Backpack:backpack:14" ToolTip="4*9 Inventory - 36 Slots"/>
	<ToolTip ItemName="Backpack:backpack:15" ToolTip="4*9 Inventory - 36 Slots"/>
	<ToolTip ItemName="Backpack:backpack:16" ToolTip="4*9 Inventory - 36 Slots"/>
	<ToolTip ItemName="Backpack:backpack:100" ToolTip="7*9 Inventory - 63 Slots"/>
	<ToolTip ItemName="Backpack:backpack:101" ToolTip="7*9 Inventory - 63 Slots"/>
	<ToolTip ItemName="Backpack:backpack:102" ToolTip="7*9 Inventory - 63 Slots"/>
	<ToolTip ItemName="Backpack:backpack:103" ToolTip="7*9 Inventory - 63 Slots"/>
	<ToolTip ItemName="Backpack:backpack:104" ToolTip="7*9 Inventory - 63 Slots"/>
	<ToolTip ItemName="Backpack:backpack:105" ToolTip="7*9 Inventory - 63 Slots"/>
	<ToolTip ItemName="Backpack:backpack:106" ToolTip="7*9 Inventory - 63 Slots"/>
	<ToolTip ItemName="Backpack:backpack:107" ToolTip="7*9 Inventory - 63 Slots"/>
	<ToolTip ItemName="Backpack:backpack:108" ToolTip="7*9 Inventory - 63 Slots"/>
	<ToolTip ItemName="Backpack:backpack:109" ToolTip="7*9 Inventory - 63 Slots"/>
	<ToolTip ItemName="Backpack:backpack:110" ToolTip="7*9 Inventory - 63 Slots"/>
	<ToolTip ItemName="Backpack:backpack:111" ToolTip="7*9 Inventory - 63 Slots"/>
	<ToolTip ItemName="Backpack:backpack:112" ToolTip="7*9 Inventory - 63 Slots"/>
	<ToolTip ItemName="Backpack:backpack:113" ToolTip="7*9 Inventory - 63 Slots"/>
	<ToolTip ItemName="Backpack:backpack:114" ToolTip="7*9 Inventory - 63 Slots"/>
	<ToolTip ItemName="Backpack:backpack:115" ToolTip="7*9 Inventory - 63 Slots"/>
	<ToolTip ItemName="Backpack:backpack:116" ToolTip="7*9 Inventory - 63 Slots"/>
	<ToolTip ItemName="Backpack:backpack:200" ToolTip="10*9 Inventory - 90 Slots"/>
	<ToolTip ItemName="Backpack:backpack:201" ToolTip="10*9 Inventory - 90 Slots"/>
	<ToolTip ItemName="Backpack:backpack:202" ToolTip="10*9 Inventory - 90 Slots"/>
	<ToolTip ItemName="Backpack:backpack:203" ToolTip="10*9 Inventory - 90 Slots"/>
	<ToolTip ItemName="Backpack:backpack:204" ToolTip="10*9 Inventory - 90 Slots"/>
	<ToolTip ItemName="Backpack:backpack:205" ToolTip="10*9 Inventory - 90 Slots"/>
	<ToolTip ItemName="Backpack:backpack:206" ToolTip="10*9 Inventory - 90 Slots"/>
	<ToolTip ItemName="Backpack:backpack:207" ToolTip="10*9 Inventory - 90 Slots"/>
	<ToolTip ItemName="Backpack:backpack:208" ToolTip="10*9 Inventory - 90 Slots"/>
	<ToolTip ItemName="Backpack:backpack:209" ToolTip="10*9 Inventory - 90 Slots"/>
	<ToolTip ItemName="Backpack:backpack:210" ToolTip="10*9 Inventory - 90 Slots"/>
	<ToolTip ItemName="Backpack:backpack:211" ToolTip="10*9 Inventory - 90 Slots"/>
	<ToolTip ItemName="Backpack:backpack:212" ToolTip="10*9 Inventory - 90 Slots"/>
	<ToolTip ItemName="Backpack:backpack:213" ToolTip="10*9 Inventory - 90 Slots"/>
	<ToolTip ItemName="Backpack:backpack:214" ToolTip="10*9 Inventory - 90 Slots"/>
	<ToolTip ItemName="Backpack:backpack:215" ToolTip="10*9 Inventory - 90 Slots"/>
	<ToolTip ItemName="Backpack:backpack:216" ToolTip="10*9 Inventory - 90 Slots"/>
	<ToolTip ItemName="Backpack:backpack:17" ToolTip="Crafting Backpack with 9 Inventory Slots"/>
	<ToolTip ItemName="Backpack:backpack:217" ToolTip="Crafting Backpack with 18 Inventory Slots"/>
	<ToolTip ItemName="Backpack:backpack:31999" ToolTip="§4Disabled Item; No recipe"/>
	
//Buildcraft
	<ToolTip ItemName="BuildCraft|Transport:item.buildcraftPipe.pipepowerdiamond" ToolTip="§310240 RF/t"/>
	<ToolTip ItemName="BuildCraft|Transport:item.buildcraftPipe.pipepoweremerald" ToolTip="§22560 RF/t"/>
	<ToolTip ItemName="BuildCraft|Transport:item.buildcraftPipe.pipepowergold" ToolTip="§62560 RF/t"/>
	<ToolTip ItemName="BuildCraft|Transport:item.buildcraftPipe.pipepoweriron" ToolTip="§91280 RF/t"/>
	<ToolTip ItemName="BuildCraft|Transport:item.buildcraftPipe.pipepowerquartz" ToolTip="§8640 RF/t"/>
	<ToolTip ItemName="BuildCraft|Transport:item.buildcraftPipe.pipepowerwood" ToolTip="§2320 RF/t"/>
	<ToolTip ItemName="BuildCraft|Transport:item.buildcraftPipe.pipepowersandstone" ToolTip="§5320 RF/t"/>
	<ToolTip ItemName="BuildCraft|Transport:item.buildcraftPipe.pipepowerstone" ToolTip="§b160 RF/t"/>
	<ToolTip ItemName="BuildCraft|Transport:item.buildcraftPipe.pipepowercobblestone" ToolTip="§480 RF/t"/>
	
//Chisel
	<ToolTip ItemName="chisel:chisel" ToolTip="§5Chisel from chisel Mod"/>
	<ToolTip ItemName="chisel:diamondChisel" ToolTip="§5Chisel from Chisel Mod"/>
	<ToolTip ItemName="chisel:obsidianChisel" ToolTip="§5Chisel from Chisel Mod"/>
			
//Core Mod
	<ToolTip ItemName="dreamcraft:item.OvenGlove" ToolTip="§3Put both Gloves in the Baubles Ring Slot"/>
	<ToolTip ItemName="dreamcraft:item.OvenGlove:1" ToolTip="§3Put both Gloves in the Baubles Ring Slot"/>
	<ToolTip ItemName="dreamcraft:dreamcraft_Pollution_bucket" ToolTip="§4Very toxic"/>
	<ToolTip ItemName="dreamcraft:item.NanoScubaHelmet" ToolTip="§4Don't try to wear this, you can't"/>
	<ToolTip ItemName="dreamcraft:item.NanoPlatedLeggings" ToolTip="§4Don't try to wear this, you can't"/>
	<ToolTip ItemName="dreamcraft:item.NanoChestJetPack" ToolTip="§4Don't try to wear this, you can't"/>
	<ToolTip ItemName="dreamcraft:item.NanoRubberBoots" ToolTip="§4Don't try to wear this, you can't"/>
	<ToolTip ItemName="dreamcraft:item.CarbonPartChestplate" ToolTip="§4Don't try to wear this, you can't"/>
	<ToolTip ItemName="dreamcraft:item.QuantumPartHelmetEmpty" ToolTip="§4Don't try to wear this, you can't"/>
	<ToolTip ItemName="dreamcraft:item.QuantumPartHelmet" ToolTip="§4Don't try to wear this, you can't"/>
	<ToolTip ItemName="dreamcraft:item.QuantumPartLeggings" ToolTip="§4Don't try to wear this, you can't"/>
	<ToolTip ItemName="dreamcraft:item.QuantumPartChestplate" ToolTip="§4Don't try to wear this, you can't"/>
	<ToolTip ItemName="dreamcraft:item.QuantumPartBoots" ToolTip="§4Don't try to wear this, you can't"/>
	<ToolTip ItemName="dreamcraft:item.CarbonPartHelmetNightVision" ToolTip="§4Don't try to wear this, you can't"/>
	<ToolTip ItemName="dreamcraft:item.CarbonPartHelmet" ToolTip="§4Don't try to wear this, you can't"/>
	<ToolTip ItemName="dreamcraft:item.CarbonPartBoots" ToolTip="§4Don't try to wear this, you can't"/>
	<ToolTip ItemName="dreamcraft:item.CarbonPartLeggings" ToolTip="§4Don't try to wear this, you can't"/>
	<ToolTip ItemName="dreamcraft:tile.BloodyThaumium" ToolTip="§5Used for Blood Altar Tier 3 Pillars"/>
	<ToolTip ItemName="dreamcraft:tile.BloodyVoid" ToolTip="§5Used for Blood Altar Tier 4 Pillars"/>
	<ToolTip ItemName="dreamcraft:tile.BloodyIchorium" ToolTip="§5Used for Blood Altar Tier 6 Pillars"/>
	<ToolTip ItemName="dreamcraft:tile.BronzePlatedReinforcedStone" ToolTip="§3Hardness 60 §4Blast Resistance 200"/>
	<ToolTip ItemName="dreamcraft:tile.SteelPlatedReinforcedStone" ToolTip="§3Hardness 150 §4Blast Resistance 325"/>
	<ToolTip ItemName="dreamcraft:tile.TitaniumPlatedReinforcedStone" ToolTip="§3Hardness 200 §4Blast Resistance 450"/>
	<ToolTip ItemName="dreamcraft:tile.TungstensteelPlatedReinforcedStone" ToolTip="§3Hardness 250 §4Blast Resistance 575"/>
	<ToolTip ItemName="dreamcraft:tile.NaquadahPlatedReinforcedStone" ToolTip="§3Hardness 500 §4Blast Resistance 700"/>
	<ToolTip ItemName="dreamcraft:tile.NeutroniumPlatedReinforcedStone" ToolTip="§3Hardness 750 §4Blast Resistance 2000"/>
	<ToolTip ItemName="EnderZoo:enderFragment" ToolTip="§11H Use in Personal Chunkloader"/>
	<ToolTip ItemName="dreamcraft:item.CoinChunkloaderTierI" ToolTip="§412H Chunkloader Coin, 24H in Passive Chunkloader, 48H in Personal Chunkloader"/>
	<ToolTip ItemName="dreamcraft:item.CoinChunkloaderTierII" ToolTip="§624H Chunkloader Coin, 48H in Passive Chunkloader, 96H in Personal Chunkloader"/>
	<ToolTip ItemName="dreamcraft:item.CoinChunkloaderTierIII" ToolTip="§248H Chunkloader Coin, 96H in Passive Chunkloader, 192H in Personal Chunkloader"/>
	<ToolTip ItemName="dreamcraft:item.CoinChunkloaderTierIV" ToolTip="§896H Chunkloader Coin, 192H in Passive Chunkloader, 384H in Personal Chunkloader"/>
	<ToolTip ItemName="dreamcraft:item.CoinChunkloaderTierV" ToolTip="§7192H Chunkloader Coin, 384H in Passive Chunkloader, 768H in Personal Chunkloader"/>
	<ToolTip ItemName="minecraft:ender_pearl" ToolTip="§81H Chunkloader Use in Passive and 4H in Personal Chunkloader"/>
	
//Draconic Evolution
	<ToolTip ItemName="dreamcraft:item.MalformedSlush" ToolTip="§2I hope you are not going to eat this later."/>
	<ToolTip ItemName="dreamcraft:item.UncookedSlush" ToolTip="§4Heating up makes food better?"/>
	<ToolTip ItemName="dreamcraft:item.GlowingMarshmallow" ToolTip="§5Is it me or it just gained pixels from all that heat."/>
	<ToolTip ItemName="dreamcraft:item.Marshmallow" ToolTip="§6I have a very wired feeling."/>
	
//Enhanced Lootbags	
	<ToolTip ItemName="enhancedlootbags:lootbag" ToolTip="§3Enchant with a Fortune III Book"/>
	<ToolTip ItemName="enhancedlootbags:lootbag:1" ToolTip="§3Enchant with a Fortune III Book"/>
	<ToolTip ItemName="enhancedlootbags:lootbag:2" ToolTip="§3Enchant with a Fortune III Book"/>
	<ToolTip ItemName="enhancedlootbags:lootbag:3" ToolTip="§3Enchant with a Fortune III Book"/>
	<ToolTip ItemName="enhancedlootbags:lootbag:4" ToolTip="§3Enchant with a Fortune III Book"/>
	<ToolTip ItemName="enhancedlootbags:lootbag:5" ToolTip="§3Enchant with a Fortune III Book"/>
	<ToolTip ItemName="enhancedlootbags:lootbag:6" ToolTip="§3Enchant with a Fortune III Book"/>
	<ToolTip ItemName="enhancedlootbags:lootbag:7" ToolTip="§3Enchant with a Fortune III Book"/>
	<ToolTip ItemName="enhancedlootbags:lootbag:8" ToolTip="§3Enchant with a Fortune III Book"/>
	<ToolTip ItemName="enhancedlootbags:lootbag:9" ToolTip="§3Enchant with a Fortune III Book"/>
	<ToolTip ItemName="enhancedlootbags:lootbag:10" ToolTip="§3Enchant with a Fortune III Book"/>
	<ToolTip ItemName="enhancedlootbags:lootbag:11" ToolTip="§3Enchant with a Fortune III Book"/>
	<ToolTip ItemName="enhancedlootbags:lootbag:12" ToolTip="§3Enchant with a Fortune III Book"/>
	<ToolTip ItemName="enhancedlootbags:lootbag:13" ToolTip="§3Enchant with a Fortune III Book"/>
	<ToolTip ItemName="enhancedlootbags:lootbag:14" ToolTip="§3Enchant with a Fortune III Book"/>
	<ToolTip ItemName="enhancedlootbags:lootbag:15" ToolTip="§3Enchant with a Fortune III Book"/>
	<ToolTip ItemName="enhancedlootbags:lootbag:16" ToolTip="§3Enchant with a Fortune III Book"/>
	<ToolTip ItemName="enhancedlootbags:lootbag:17" ToolTip="§3Enchant with a Fortune III Book"/>
	<ToolTip ItemName="enhancedlootbags:lootbag:18" ToolTip="§3Enchant with a Fortune III Book"/>
	<ToolTip ItemName="enhancedlootbags:lootbag:19" ToolTip="§3Enchant with a Fortune III Book"/>
	<ToolTip ItemName="enhancedlootbags:lootbag:20" ToolTip="§3Enchant with a Fortune III Book"/>
	<ToolTip ItemName="enhancedlootbags:lootbag:21" ToolTip="§3Enchant with a Fortune III Book"/>
	<ToolTip ItemName="enhancedlootbags:lootbag:22" ToolTip="§3Enchant with a Fortune III Book"/>
	<ToolTip ItemName="enhancedlootbags:lootbag:23" ToolTip="§3Enchant with a Fortune III Book"/>
	<ToolTip ItemName="enhancedlootbags:lootbag:24" ToolTip="§3Enchant with a Fortune III Book"/>
	<ToolTip ItemName="enhancedlootbags:lootbag:25" ToolTip="§3Enchant with a Fortune III Book"/>
	<ToolTip ItemName="enhancedlootbags:lootbag:26" ToolTip="§3Enchant with a Fortune III Book"/>
	<ToolTip ItemName="enhancedlootbags:lootbag:27" ToolTip="§3Enchant with a Fortune III Book"/>
	<ToolTip ItemName="enhancedlootbags:lootbag:28" ToolTip="§3Enchant with a Fortune III Book"/>
	<ToolTip ItemName="enhancedlootbags:lootbag:29" ToolTip="§3Enchant with a Fortune III Book"/>
	<ToolTip ItemName="enhancedlootbags:lootbag:30" ToolTip="§3Enchant with a Fortune III Book"/>
	<ToolTip ItemName="enhancedlootbags:lootbag:31" ToolTip="§3Enchant with a Fortune III Book"/>
	<ToolTip ItemName="enhancedlootbags:lootbag:32" ToolTip="§3Enchant with a Fortune III Book"/>
	<ToolTip ItemName="enhancedlootbags:lootbag:33" ToolTip="§3Enchant with a Fortune III Book"/>
	<ToolTip ItemName="enhancedlootbags:lootbag:34" ToolTip="§3Enchant with a Fortune III Book"/>
	<ToolTip ItemName="enhancedlootbags:lootbag:35" ToolTip="§3Enchant with a Fortune III Book"/>
														
//Gregtech	
	<ToolTip ItemName="gregtech:gt.blockmachines:108" ToolTip="§4This furnace is deprecated use bricked blast furnace"/>
	<ToolTip ItemName="gregtech:gt.blockmachines:1154" ToolTip="§4Hot coolant steam output is increased by 5x"/>
	
//GT Bee Combs
	//<ToolTip ItemName="gregtech:gt.comb:0" ToolTip="§4Forestry can't process it"/>
	//<ToolTip ItemName="gregtech:gt.comb:1" ToolTip="§4Forestry can't process it"/>
	//<ToolTip ItemName="gregtech:gt.comb:2" ToolTip="§4Forestry can't process it"/>
	//<ToolTip ItemName="gregtech:gt.comb:3" ToolTip="§4Forestry can't process it"/>
	<ToolTip ItemName="gregtech:gt.comb:4" ToolTip="§4Forestry can't process it"/>
	<ToolTip ItemName="gregtech:gt.comb:5" ToolTip="§4Forestry can't process it"/>
    	<ToolTip ItemName="gregtech:gt.comb:6" ToolTip="§4Forestry can't process it"/>
    	<ToolTip ItemName="gregtech:gt.comb:7" ToolTip="§4Forestry can't process it"/>
    	<ToolTip ItemName="gregtech:gt.comb:8" ToolTip="§4Forestry can't process it"/>
	<ToolTip ItemName="gregtech:gt.comb:9" ToolTip="§4Forestry can't process it"/>
	<ToolTip ItemName="gregtech:gt.comb:10" ToolTip="§4Forestry can't process it"/>
	<ToolTip ItemName="gregtech:gt.comb:11" ToolTip="§4Forestry can't process it"/>
	<ToolTip ItemName="gregtech:gt.comb:12" ToolTip="§4Forestry can't process it"/>
    	<ToolTip ItemName="gregtech:gt.comb:13" ToolTip="§4Forestry can't process it"/>
	<ToolTip ItemName="gregtech:gt.comb:14" ToolTip="§4Forestry can't process it"/>
    	<ToolTip ItemName="gregtech:gt.comb:15" ToolTip="§4Forestry can't process it"/>
	<ToolTip ItemName="gregtech:gt.comb:16" ToolTip="§4Forestry can't process it"/>
    	<ToolTip ItemName="gregtech:gt.comb:17" ToolTip="§4Forestry can't process it"/>
    	<ToolTip ItemName="gregtech:gt.comb:18" ToolTip="§4Forestry can't process it"/>
    	<ToolTip ItemName="gregtech:gt.comb:19" ToolTip="§4Forestry can't process it"/>
	<ToolTip ItemName="gregtech:gt.comb:20" ToolTip="§4Forestry can't process it"/>
    	<ToolTip ItemName="gregtech:gt.comb:21" ToolTip="§4Forestry can't process it"/>
	<ToolTip ItemName="gregtech:gt.comb:22" ToolTip="§4Forestry can't process it"/>
	<ToolTip ItemName="gregtech:gt.comb:23" ToolTip="§4Forestry can't process it"/>
	<ToolTip ItemName="gregtech:gt.comb:24" ToolTip="§4Forestry can't process it"/>
    	<ToolTip ItemName="gregtech:gt.comb:25" ToolTip="§4Forestry can't process it"/>
	<ToolTip ItemName="gregtech:gt.comb:26" ToolTip="§4Forestry can't process it"/>
    	<ToolTip ItemName="gregtech:gt.comb:27" ToolTip="§4Forestry can't process it"/>
    	<ToolTip ItemName="gregtech:gt.comb:28" ToolTip="§4Forestry can't process it"/>
    	<ToolTip ItemName="gregtech:gt.comb:29" ToolTip="§4Forestry can't process it"/>
    	<ToolTip ItemName="gregtech:gt.comb:30" ToolTip="§4Forestry can't process it"/>
	<ToolTip ItemName="gregtech:gt.comb:31" ToolTip="§4Forestry can't process it"/>
    	<ToolTip ItemName="gregtech:gt.comb:32" ToolTip="§4Forestry can't process it"/>
	<ToolTip ItemName="gregtech:gt.comb:33" ToolTip="§4Forestry can't process it"/>
    	<ToolTip ItemName="gregtech:gt.comb:34" ToolTip="§4Forestry can't process it"/>
	<ToolTip ItemName="gregtech:gt.comb:35" ToolTip="§4Forestry can't process it"/>
    	<ToolTip ItemName="gregtech:gt.comb:36" ToolTip="§4Forestry can't process it"/>
    	<ToolTip ItemName="gregtech:gt.comb:37" ToolTip="§4Forestry can't process it"/>
    	<ToolTip ItemName="gregtech:gt.comb:38" ToolTip="§4Forestry can't process it"/>
    	<ToolTip ItemName="gregtech:gt.comb:39" ToolTip="§4Forestry can't process it"/>
    	<ToolTip ItemName="gregtech:gt.comb:40" ToolTip="§4Forestry can't process it"/>
    	<ToolTip ItemName="gregtech:gt.comb:41" ToolTip="§4Forestry can't process it"/>
    	<ToolTip ItemName="gregtech:gt.comb:42" ToolTip="§4Forestry can't process it"/>
    	<ToolTip ItemName="gregtech:gt.comb:43" ToolTip="§4Forestry can't process it"/>
    	<ToolTip ItemName="gregtech:gt.comb:44" ToolTip="§4Forestry can't process it"/>
    	<ToolTip ItemName="gregtech:gt.comb:45" ToolTip="§4Forestry can't process it"/>
    	<ToolTip ItemName="gregtech:gt.comb:46" ToolTip="§4Forestry can't process it"/>
	<ToolTip ItemName="gregtech:gt.comb:47" ToolTip="§4Forestry can't process it"/>
	<ToolTip ItemName="gregtech:gt.comb:48" ToolTip="§4Forestry can't process it"/>
	//<ToolTip ItemName="gregtech:gt.comb:49" ToolTip="§4Forestry can't process it"/>
	//<ToolTip ItemName="gregtech:gt.comb:50" ToolTip="§4Forestry can't process it"/>
	//<ToolTip ItemName="gregtech:gt.comb:51" ToolTip="§4Forestry can't process it"/>
	//<ToolTip ItemName="gregtech:gt.comb:52" ToolTip="§4Forestry can't process it"/>
	//<ToolTip ItemName="gregtech:gt.comb:53" ToolTip="§4Forestry can't process it"/>
    	<ToolTip ItemName="gregtech:gt.comb:54" ToolTip="§4Forestry can't process it"/>
	<ToolTip ItemName="gregtech:gt.comb:55" ToolTip="§4Forestry can't process it"/>
    	<ToolTip ItemName="gregtech:gt.comb:56" ToolTip="§4Forestry can't process it"/>
	//<ToolTip ItemName="gregtech:gt.comb:57" ToolTip="§4Forestry can't process it"/>
    	<ToolTip ItemName="gregtech:gt.comb:58" ToolTip="§4Forestry can't process it"/>
    	<ToolTip ItemName="gregtech:gt.comb:59" ToolTip="§4Forestry can't process it"/>
    	<ToolTip ItemName="gregtech:gt.comb:60" ToolTip="§4Forestry can't process it"/>
    	<ToolTip ItemName="gregtech:gt.comb:61" ToolTip="§4Forestry can't process it"/>
   	<ToolTip ItemName="gregtech:gt.comb:62" ToolTip="§4Forestry can't process it"/>
    	<ToolTip ItemName="gregtech:gt.comb:63" ToolTip="§4Forestry can't process it"/>
    	<ToolTip ItemName="gregtech:gt.comb:64" ToolTip="§4Forestry can't process it"/>
    	<ToolTip ItemName="gregtech:gt.comb:65" ToolTip="§4Forestry can't process it"/>
    	<ToolTip ItemName="gregtech:gt.comb:66" ToolTip="§4Forestry can't process it"/>
    	<ToolTip ItemName="gregtech:gt.comb:67" ToolTip="§4Forestry can't process it"/>
    	<ToolTip ItemName="gregtech:gt.comb:68" ToolTip="§4Forestry can't process it"/>
    	<ToolTip ItemName="gregtech:gt.comb:69" ToolTip="§4Forestry can't process it"/>
    	<ToolTip ItemName="gregtech:gt.comb:70" ToolTip="§4Forestry can't process it"/>
    	<ToolTip ItemName="gregtech:gt.comb:71" ToolTip="§4Forestry can't process it"/>
    	<ToolTip ItemName="gregtech:gt.comb:72" ToolTip="§4Forestry can't process it"/>
    	<ToolTip ItemName="gregtech:gt.comb:73" ToolTip="§4Forestry can't process it"/>
    	<ToolTip ItemName="gregtech:gt.comb:74" ToolTip="§4Forestry can't process it"/>
    	<ToolTip ItemName="gregtech:gt.comb:75" ToolTip="§4Forestry can't process it"/>
    	<ToolTip ItemName="gregtech:gt.comb:76" ToolTip="§4Forestry can't process it"/>
    	<ToolTip ItemName="gregtech:gt.comb:77" ToolTip="§4Forestry can't process it"/>
    	<ToolTip ItemName="gregtech:gt.comb:78" ToolTip="§4Forestry can't process it"/>
    	<ToolTip ItemName="gregtech:gt.comb:79" ToolTip="§4Forestry can't process it"/>
    	<ToolTip ItemName="gregtech:gt.comb:80" ToolTip="§4Forestry can't process it"/>
    	<ToolTip ItemName="gregtech:gt.comb:81" ToolTip="§4Forestry can't process it"/>
    	<ToolTip ItemName="gregtech:gt.comb:82" ToolTip="§4Forestry can't process it"/>
    	<ToolTip ItemName="gregtech:gt.comb:83" ToolTip="§4Forestry can't process it"/>
    	<ToolTip ItemName="gregtech:gt.comb:84" ToolTip="§4Forestry can't process it"/>
    	<ToolTip ItemName="gregtech:gt.comb:85" ToolTip="§4Forestry can't process it"/>
    	<ToolTip ItemName="gregtech:gt.comb:86" ToolTip="§4Forestry can't process it"/>
    	<ToolTip ItemName="gregtech:gt.comb:87" ToolTip="§4Forestry can't process it"/>
    	<ToolTip ItemName="gregtech:gt.comb:88" ToolTip="§4Forestry can't process it"/>
    	<ToolTip ItemName="gregtech:gt.comb:89" ToolTip="§4Forestry can't process it"/>
    	<ToolTip ItemName="gregtech:gt.comb:90" ToolTip="§4Forestry can't process it"/>
    	<ToolTip ItemName="gregtech:gt.comb:91" ToolTip="§4Forestry can't process it"/>
    	<ToolTip ItemName="gregtech:gt.comb:92" ToolTip="§4Forestry can't process it"/>
    	<ToolTip ItemName="gregtech:gt.comb:93" ToolTip="§4Forestry can't process it"/>
    	<ToolTip ItemName="gregtech:gt.comb:94" ToolTip="§4Forestry can't process it"/>
    	<ToolTip ItemName="gregtech:gt.comb:95" ToolTip="§4Forestry can't process it"/>
    	<ToolTip ItemName="gregtech:gt.comb:96" ToolTip="§4Forestry can't process it"/>
    	<ToolTip ItemName="gregtech:gt.comb:97" ToolTip="§4Forestry can't process it"/>
    	<ToolTip ItemName="gregtech:gt.comb:98" ToolTip="§4Forestry can't process it"/>
    	<ToolTip ItemName="gregtech:gt.comb:99" ToolTip="§4Forestry can't process it"/>
    	<ToolTip ItemName="gregtech:gt.comb:100" ToolTip="§4Forestry can't process it"/>
    	<ToolTip ItemName="gregtech:gt.comb:101" ToolTip="§4Forestry can't process it"/>
	<ToolTip ItemName="gregtech:gt.comb:102" ToolTip="§4Forestry can't process it"/>
    	<ToolTip ItemName="gregtech:gt.comb:103" ToolTip="§4Forestry can't process it"/>
    	<ToolTip ItemName="gregtech:gt.comb:104" ToolTip="§4Forestry can't process it"/>
    	<ToolTip ItemName="gregtech:gt.comb:105" ToolTip="§4Forestry can't process it"/>
    	<ToolTip ItemName="gregtech:gt.comb:106" ToolTip="§4Forestry can't process it"/>
    	<ToolTip ItemName="gregtech:gt.comb:107" ToolTip="§4Forestry can't process it"/>
    	<ToolTip ItemName="gregtech:gt.comb:108" ToolTip="§4Forestry can't process it"/>
    	<ToolTip ItemName="gregtech:gt.comb:109" ToolTip="§4Forestry can't process it"/>
    	<ToolTip ItemName="gregtech:gt.comb:110" ToolTip="§4Forestry can't process it"/>
    	<ToolTip ItemName="gregtech:gt.comb:111" ToolTip="§4Forestry can't process it"/>
    	<ToolTip ItemName="gregtech:gt.comb:112" ToolTip="§4Forestry can't process it"/>
    	<ToolTip ItemName="gregtech:gt.comb:113" ToolTip="§4Forestry can't process it"/>
    	<ToolTip ItemName="gregtech:gt.comb:114" ToolTip="§4Forestry can't process it"/>
    	<ToolTip ItemName="gregtech:gt.comb:115" ToolTip="§4Forestry can't process it"/>
    	<ToolTip ItemName="gregtech:gt.comb:116" ToolTip="§4Forestry can't process it"/>
    	<ToolTip ItemName="gregtech:gt.comb:117" ToolTip="§4Forestry can't process it"/>
	<ToolTip ItemName="gregtech:gt.comb:118" ToolTip="§4Forestry can't process it"/>
	<ToolTip ItemName="gregtech:gt.comb:119" ToolTip="§4Forestry can't process it"/>
	<ToolTip ItemName="gregtech:gt.comb:120" ToolTip="§4Forestry can't process it"/>
	<ToolTip ItemName="gregtech:gt.comb:121" ToolTip="§4Forestry can't process it"/>
	<ToolTip ItemName="gregtech:gt.comb:122" ToolTip="§4Forestry can't process it"/>
	<ToolTip ItemName="gregtech:gt.comb:123" ToolTip="§4Forestry can't process it"/>
	<ToolTip ItemName="gregtech:gt.comb:124" ToolTip="§4Forestry can't process it"/>
	<ToolTip ItemName="gregtech:gt.comb:125" ToolTip="§4Forestry can't process it"/>
	<ToolTip ItemName="gregtech:gt.comb:126" ToolTip="§4Forestry can't process it"/>
	<ToolTip ItemName="gregtech:gt.comb:127" ToolTip="§4Forestry can't process it"/>
	<ToolTip ItemName="gregtech:gt.comb:128" ToolTip="§4Forestry can't process it"/>
	<ToolTip ItemName="gregtech:gt.comb:129" ToolTip="§4Forestry can't process it"/>
	<ToolTip ItemName="gregtech:gt.comb:130" ToolTip="§4Forestry can't process it"/>
	
//Iron Chests
	<ToolTip ItemName="IronChest:BlockIronChest" ToolTip="6*9 Inventory - 54 Slots"/>
	<ToolTip ItemName="IronChest:BlockIronChest:1" ToolTip="9*9 Inventory - 81 Slots"/>
	<ToolTip ItemName="IronChest:BlockIronChest:3" ToolTip="5*9 Inventory - 45 Slots"/>
	<ToolTip ItemName="IronChest:BlockIronChest:4" ToolTip="8*9 Inventory - 72 Slots"/>
	<ToolTip ItemName="IronChest:BlockIronChest:2" ToolTip="12*9 Inventory - 108 Slots"/>
	<ToolTip ItemName="IronChest:BlockIronChest:5" ToolTip="12*9 Inventory - 108 Slots"/>
	<ToolTip ItemName="IronChest:BlockIronChest:6" ToolTip="12*9 Inventory - 108 Slots §4Blast Proof"/>
	
//Iron Tanks
	<ToolTip ItemName="BuildCraft|Factory:tankBlock" ToolTip="Stores up to 16 Buckets of one Liquid §4Not portable, use a dolly"/>
	<ToolTip ItemName="irontank:ironTank" ToolTip="Stores up to 32 Buckets of one Liquid §4Not portable, use a dolly"/>
	<ToolTip ItemName="irontank:goldTank" ToolTip="Stores up to 48 Buckets of one Liquid §4Not portable, use a dolly"/>
	<ToolTip ItemName="irontank:diamondTank" ToolTip="Stores up to 64 Buckets of one Liquid §4Not portable, use a dolly"/>
	<ToolTip ItemName="irontank:obsidianTank" ToolTip="Stores up to 64 Buckets of one Liquid §4Not portable, use a dolly (Blast Proof)"/>
	<ToolTip ItemName="irontank:copperTank" ToolTip="Stores up to 27 Buckets of one Liquid §4Not portable, use a dolly"/>
	<ToolTip ItemName="irontank:silverTank" ToolTip="Stores up to 43 Buckets of one Liquid §4Not portable, use a dolly"/>
	<ToolTip ItemName="irontank:emeraldTank" ToolTip="Stores up to 96 Buckets of one Liquid §4Not portable, use a dolly"/>	
	<ToolTip ItemName="irontank:stainlesssteelTank" ToolTip="Stores up to 128 Buckets of one Liquid §4Not portable, use a dolly"/>
	<ToolTip ItemName="irontank:titaniumTank" ToolTip="Stores up to 256 Buckets of one Liquid §4Not portable, use a dolly"/>
	<ToolTip ItemName="irontank:tungstensteelTank" ToolTip="Stores up to 512 Buckets of one Liquid §4Not portable, use a dolly"/>
	
//OMT - AddOns
	<ToolTip ItemName="openmodularturrets:solarPanelAddon" ToolTip="§4Disabled Item; No recipe"/>
	<ToolTip ItemName="openmodularturrets:redstoneReactorAddon" ToolTip="§4Disabled Item; No recipe"/>
	<ToolTip ItemName="openmodularturrets:potentiaAddon" ToolTip="§4Disabled Item; No recipe"/>
		
//OMT - Fences
	<ToolTip ItemName="openmodularturrets:fenceTierOne" ToolTip="Hardness: 10 - Blast Resistance: 10"/>
	<ToolTip ItemName="openmodularturrets:fenceTierTwo" ToolTip="Hardness: 20 - Blast Resistance: 20"/>
	<ToolTip ItemName="openmodularturrets:fenceTierThree" ToolTip="Hardness: 30 - Blast Resistance: 30"/>
	<ToolTip ItemName="openmodularturrets:fenceTierFour" ToolTip="Hardness: 50 - Blast Resistance: 50"/>
	<ToolTip ItemName="openmodularturrets:fenceTierFive" ToolTip="Hardness: 80 - Blast Resistance: 80"/>
	
//OMT - Walls
	<ToolTip ItemName="openmodularturrets:hardWallTierOne" ToolTip="Hardness: 10 - Blast Resistance: 10"/>
	<ToolTip ItemName="openmodularturrets:hardWallTierTwo" ToolTip="Hardness: 20 - Blast Resistance: 20"/>
	<ToolTip ItemName="openmodularturrets:hardWallTierThree" ToolTip="Hardness: 30 - Blast Resistance: 30"/>
	<ToolTip ItemName="openmodularturrets:hardWallTierFour" ToolTip="Hardness: 50 - Blast Resistance: 50"/>
	<ToolTip ItemName="openmodularturrets:hardWallTierFive" ToolTip="Hardness: 80 - Blast Resistance: 80"/>
	
//Thaumic Tinkers
	<ToolTip ItemName="ThaumicTinkerer:fireFire" ToolTip="§4ELEMENTAL firespread disabled"/>
	<ToolTip ItemName="ThaumicTinkerer:fireOrder" ToolTip="§4ELEMENTAL firespread disabled"/>        
	<ToolTip ItemName="ThaumicTinkerer:fireEarth" ToolTip="§4ELEMENTAL firespread disabled"/>	
	<ToolTip ItemName="ThaumicTinkerer:fireWater" ToolTip="§4ELEMENTAL firespread disabled"/>		
	<ToolTip ItemName="ThaumicTinkerer:fireChaos" ToolTip="§4ELEMENTAL firespread disabled"/>
	<ToolTip ItemName="ThaumicTinkerer:fireAir" ToolTip="§4ELEMENTAL firespread disabled"/>
	
//Tinkers Construct
	<ToolTip ItemName="TConstruct:Smeltery" ToolTip="§3Some metals processed in smeltery don't meet the purity requirement for GregTech processing."/>
	<ToolTip ItemName="TConstruct:LavaTank" ToolTip="§3Some metals processed in smeltery don't meet the purity requirement for GregTech processing."/>
	<ToolTip ItemName="TConstruct:SearedBlock" ToolTip="§3Some metals processed in smeltery don't meet the purity requirement for GregTech processing."/>
	<ToolTip ItemName="TConstruct:SearedBlock:1" ToolTip="§3Some metals processed in smeltery don't meet the purity requirement for GregTech processing."/>
	<ToolTip ItemName="TConstruct:SearedBlock:2" ToolTip="§3Some metals processed in smeltery don't meet the purity requirement for GregTech processing."/>
	<ToolTip ItemName="TConstruct:CastingChannel" ToolTip="§3Some metals processed in smeltery don't meet the purity requirement for GregTech processing."/>
	
//Railcraft tanks
//Iron
	<ToolTip ItemName="Railcraft:machine.beta" ToolTip="Has 16 buckets capacity per block"/>
	<ToolTip ItemName="Railcraft:machine.beta:1" ToolTip="Has 16 buckets capacity per block"/>
	<ToolTip ItemName="Railcraft:machine.beta:2" ToolTip="Has 16 buckets capacity per block \nAuto-Output from bottom side \nAuto-Output rate is 1000L/t"/>
//Steel
	<ToolTip ItemName="Railcraft:machine.beta:13" ToolTip="Has 32 buckets capacity per block"/>
	<ToolTip ItemName="Railcraft:machine.beta:14" ToolTip="Has 32 buckets capacity per block"/>
	<ToolTip ItemName="Railcraft:machine.beta:15" ToolTip="Has 32 buckets capacity per block \nAuto-Output from bottom side \nAuto-Output rate is 1000L/t"/>
//Aluminium
	<ToolTip ItemName="Railcraft:machine.zeta" ToolTip="Has 64 buckets capacity per block"/>
	<ToolTip ItemName="Railcraft:machine.zeta:1" ToolTip="Has 64 buckets capacity per block"/>
	<ToolTip ItemName="Railcraft:machine.zeta:2" ToolTip="Has 64 buckets capacity per block \nAuto-Output from bottom side \nAuto-Output rate is 1000L/t"/>
//Stainless
	<ToolTip ItemName="Railcraft:machine.zeta:3" ToolTip="Has 128 buckets capacity per block"/>
	<ToolTip ItemName="Railcraft:machine.zeta:4" ToolTip="Has 128 buckets capacity per block"/>
	<ToolTip ItemName="Railcraft:machine.zeta:5" ToolTip="Has 128 buckets capacity per block \nAuto-Output from bottom side \nAuto-Output rate is 1000L/t"/>
//Titanium
	<ToolTip ItemName="Railcraft:machine.zeta:6" ToolTip="Has 256 buckets capacity per block"/>
	<ToolTip ItemName="Railcraft:machine.zeta:7" ToolTip="Has 256 buckets capacity per block"/>
	<ToolTip ItemName="Railcraft:machine.zeta:8" ToolTip="Has 256 buckets capacity per block \nAuto-Output from bottom side \nAuto-Output rate is 1000L/t"/>
//Tungstensteel
	<ToolTip ItemName="Railcraft:machine.zeta:9" ToolTip="Has 512 buckets capacity per block"/>
	<ToolTip ItemName="Railcraft:machine.zeta:10" ToolTip="Has 512 buckets capacity per block"/>
	<ToolTip ItemName="Railcraft:machine.zeta:11" ToolTip="Has 512 buckets capacity per block \nAuto-Output from bottom side \nAuto-Output rate is 1000L/t"/>
//Palladium
	<ToolTip ItemName="Railcraft:machine.zeta:12" ToolTip="Has 1024 buckets capacity per block"/>
	<ToolTip ItemName="Railcraft:machine.zeta:13" ToolTip="Has 1024 buckets capacity per block"/>
	<ToolTip ItemName="Railcraft:machine.zeta:14" ToolTip="Has 1024 buckets capacity per block \nAuto-Output from bottom side \nAuto-Output rate is 1000L/t"/>
//Iridium
	<ToolTip ItemName="Railcraft:machine.eta" ToolTip="Has 1536 buckets capacity per block"/>
	<ToolTip ItemName="Railcraft:machine.eta:1" ToolTip="Has 1536 buckets capacity per block"/>
	<ToolTip ItemName="Railcraft:machine.eta:2" ToolTip="Has 1536 buckets capacity per block \nAuto-Output from bottom side \nAuto-Output rate is 1000L/t"/>
//Osmium
	<ToolTip ItemName="Railcraft:machine.eta:3" ToolTip= "Has 2048 buckets capacity per block"/>
	<ToolTip ItemName="Railcraft:machine.eta:4" ToolTip="Has 2048 buckets capacity per block"/>
	<ToolTip ItemName="Railcraft:machine.eta:5" ToolTip="Has 2048 buckets capacity per block \nAuto-Output from bottom side \nAuto-Output rate is 1000L/t"/>
//Neutronium
	<ToolTip ItemName="Railcraft:machine.eta:6" ToolTip="Has 3072 buckets capacity per block"/>
	<ToolTip ItemName="Railcraft:machine.eta:7" ToolTip="Has 3072 buckets capacity per block"/>
	<ToolTip ItemName="Railcraft:machine.eta:8" ToolTip="Has 3072 buckets capacity per block \nAuto-Output from bottom side \nAuto-Output rate is 1000L/t"/>

//Cubic Zirconia
    <ToolTip ItemName="bartworks:gt.bwMetaGenerateddust:4" ToolTip="§3Check Flawed Crystal recipe in EBF"/>
	<ToolTip ItemName="bartworks:gt.bwMetaGeneratedgem:4" ToolTip="§3Check Flawed Crystal recipe in EBF"/>


	
</CustomToolTips>
